nucleotide	aminoAcid	count (reads)	frequencyCount (%)	cdr3Length	vMaxResolved	vFamilyName	vGeneName	vGeneAllele	vFamilyTies	vGeneNameTies	vGeneAlleleTies	dMaxResolved	dFamilyName	dGeneName	dGeneAllele	dFamilyTies	dGeneNameTies	dGeneAlleleTies	jMaxResolved	jFamilyName	jGeneName	jGeneAllele	jFamilyTies	jGeneNameTies	jGeneAlleleTies	vDeletion	n1Insertion	d5Deletion	d3Deletion	n2Insertion	jDeletion	vIndex	n1Index	dIndex	n2Index	jIndex	estimatedNumberGenomes	sequenceStatus	cloneResolved	vOrphon	dOrphon	jOrphon	vFunction	dFunction	jFunction	fractionNucleated
CTGGAGTCGGCTGCTCCCTCCCAGACATCTGTGTACTTCTGTGCCAGCAGTGAAGGGGAGAGCACAGATACGCAGTATTTTGGCCCA	CASSEGESTDTQYF	1940	11.23465369	42	TCRBV06-01*01	TCRBV06	TCRBV06-01	01				TCRBD02-01*02	TCRBD02	TCRBD02-01	02				TCRBJ02-03*01	TCRBJ02	TCRBJ02-03	01				1	0	9	2	0	0	39	-1	55	-1	60	33	In	VDJ							0.00092001
TCGGCTGCTCCCTCCCAGACATCTGTGTACTTCTGTGCCAGTTCTAAGGGGGGCGCAATGGTATTCTATGGCTACACCTTCGGTTCG	CASSKGGAMVFYGYTF	527	3.05188789	48	TCRBV06	TCRBV06	unresolved			TCRBV06-01,TCRBV06-05		unresolved		unresolved		TCRBD01,TCRBD02	TCRBD01-01,TCRBD02-01		TCRBJ01-02*01	TCRBJ01	TCRBJ01-02	01				9	5	5	1	13	4	33	41	46	52	65	7	In	VDJ							0.00024992
CCTGCAAAGCTTGAGGACTCGGCCGTGTATCTCTGTGCCAGCAGCTTCTCAAGGGTAGCTGGGGCCAACGTCCTGACTTTCGGGGCC	CASSFSRVAGANVLTF	414	2.39749826	48	TCRBV11-02*02	TCRBV11	TCRBV11-02	02				unresolved		unresolved		TCRBD01,TCRBD02	TCRBD01-01,TCRBD02-01		TCRBJ02-06*01	TCRBJ02	TCRBJ02-06	01				3	4	5	3	3	2	33	47	51	55	58	5	In	VDJ							0.00019633
CTGTCGGCTGCTCCCTCCCAGACATCTGTGTACTTCTGTGCCAGCAGCCCCGATGGCACTTACTCCTACGAGCAGTACTTCGGGCCG	CASSPDGTYSYEQYF	338	1.95737781	45	TCRBV06-05*01	TCRBV06	TCRBV06-05	01				unresolved		unresolved		TCRBD01,TCRBD02	TCRBD01-01,TCRBD02-01		TCRBJ02-07*01	TCRBJ02	TCRBJ02-07	01				6	7	9	0	5	0	36	47	54	57	62	3	In	VDJ							0.00016029
CTCACTGTGACATCGGCCCAAAAGAACCCGACAGCTTTCTATCTCTGTGCCAGTAGTATAGGTGGCACTGAAGCTTTCTTTGGACAA	CASSIGGTEAFF	236	1.36668983	36	TCRBV19-01	TCRBV19	TCRBV19-01				01,02	unresolved		unresolved		TCRBD01,TCRBD02	TCRBD01-01,TCRBD02-01		TCRBJ01-01*01	TCRBJ01	TCRBJ01-01	01				1	2	0	10	0	4	45	61	63	-1	65	3	In	VDJ							0.00011192
ATCCTGGAGTCGCCCAGCCCCAACCAGACCTCTCTGTACTTCTGTGCCAGCAGTTTATCGGGGGGCGAGACCCAGTACTTCGGGCCA	CASSLSGGETQYF	226	1.30877924	39	TCRBV27-01*01	TCRBV27	TCRBV27-01	01				unresolved		unresolved		TCRBD01,TCRBD02	TCRBD01-01,TCRBD02-01		TCRBJ02-05*01	TCRBJ02	TCRBJ02-05	01				0	1	6	0	0	5	42	59	60	-1	66	3	In	VDJ							0.00010718
GAGTTGGCTGCTCCCTCCCAGACATCTGTGTACTTCTGTGCCAGCAGTTACCCCCGGACAGGGGGTTACGAGCAGTACTTCGGGCCG	CASSYPRTGGYEQYF	219	1.26824183	45	TCRBV06-06	TCRBV06	TCRBV06-06				01,02	TCRBD01-01*01	TCRBD01	TCRBD01-01	01				TCRBJ02-07*01	TCRBJ02	TCRBJ02-07	01				2	4	1	1	1	4	36	51	55	65	66	2	In	VDJ							0.00010386
CTGGAGTCGGCTGCTCCCTCCCAGACATCTGTGTACTTCTGTGCCAGTGGATTTTGGACTAGCTCCTACGAGCAGTACTTCGGGCCG	CASGFWTSSYEQYF	213	1.23349548	42	TCRBV06-01*01	TCRBV06	TCRBV06-01	01				TCRBD02-01	TCRBD02	TCRBD02-01				01,02	TCRBJ02-07*01	TCRBJ02	TCRBJ02-07	01				9	8	1	8	0	0	39	47	55	-1	62	2	In	VDJ							0.00010101
AGGATCCAGCAGGTAGTGCGAGGAGATTCGGCAGCTTATTTCTGTGCCAGCTCAAATACGGTCTCCTACGAGCAGTACTTCGGGCCG	CASSNTVSYEQYF	212	1.22770442	39	TCRBV18-01*01	TCRBV18	TCRBV18-01	01				TCRBD02-01	TCRBD02	TCRBD02-01				01,02	TCRBJ02-07*01	TCRBJ02	TCRBJ02-07	01				5	4	8	5	1	0	42	54	58	61	62	3	In	VDJ							0.00010054
ACATCGGCCCAAAAGAACCCGACAGCTTTCTATCTCTGTGCCAGTAGTAAGGGGACGGCGGGTGTAGGCACCATATATTTTGGAGAG	CASSKGTAGVGTIYF	194	1.12346537	45	TCRBV19-01	TCRBV19	TCRBV19-01				01,02	unresolved		unresolved		TCRBD01,TCRBD02	TCRBD01-01,TCRBD02-01		TCRBJ01-03*01	TCRBJ01	TCRBJ01-03	01				4	2	0	7	12	9	36	49	51	56	68	2	In	VDJ							0.000092
GAGTCCGCTACCAGCTCCCAGACATCTGTGTACTTCTGTGCCATCAGTGAGTCTTTAGCGGGGCACTACGAGCAGTACTTCGGGCCG	CAISESLAGHYEQYF	189	1.09451008	45	TCRBV10-03*01	TCRBV10	TCRBV10-03	01				TCRBD02-01*01	TCRBD02	TCRBD02-01	01				TCRBJ02-07*01	TCRBJ02	TCRBJ02-07	01				0	2	5	3	2	3	36	53	55	63	65	2	In	VDJ							0.00008963
GAGATCCAGCGCACAGAGCAGGGGGACTCGGCCATGTATCTCTGTGCCAGCAGCTTAGAAGTGAACACTGAAGCTTTCTTTGGACAA	CASSLEVNTEAFF	188	1.08871902	39	TCRBV07-09	TCRBV07	TCRBV07-09				01,03	unresolved		unresolved		TCRBD01,TCRBD02	TCRBD01-01,TCRBD02-01		TCRBJ01-01*01	TCRBJ01	TCRBJ01-01	01				1	1	5	5	0	0	42	58	59	-1	61	2	In	VDJ							0.00008916
TTGGAGATCCAGCGCACAGAGCAGGGGGACTCGGCCATGTATCTCTGTGCCAGCAGCTTAGAGGTCTACGAGCAGTACTTCGGGCCG	CASSLEVYEQYF	178	1.03080843	36	TCRBV07-09	TCRBV07	TCRBV07-09				01,03	unresolved		unresolved		TCRBD01,TCRBD02	TCRBD01-01,TCRBD02-01		TCRBJ02-07*01	TCRBJ02	TCRBJ02-07	01				1	0	5	4	1	3	45	-1	61	64	65	2	In	VDJ							0.00008441
GGAGCTTGGTGACTCTGCTGTGTATTTCTGTGCCAGCAGCTTGGGCGGTCCATTTCAGGCTTGACCGGGGAGCTGTTTTTTGGAGAA		167	0.96710679	53	TCRBV03	TCRBV03	unresolved			TCRBV03-01,TCRBV03-02		unresolved		unresolved		TCRBD01,TCRBD02	TCRBD01-01,TCRBD02-01		TCRBJ02-02*01	TCRBJ02	TCRBJ02-02	01				5	15	4	4	4	5	28	40	55	59	63	1	Out	VDJ							0.0000792
ACTCTGAAGATCCGGTCCACAAAGCTGGAGGACTCAGCCATGTACTTCTGTGCCAGCAGTGAGAGCGAGTGGGTGTATTTTGGCCCA	CASSESEWVYF	166	0.96131573	33	TCRBV02-01*01	TCRBV02	TCRBV02-01	01				TCRBD02-01	TCRBD02	TCRBD02-01				01,02	TCRBJ02-03*01	TCRBJ02	TCRBJ02-03	01				3	1	6	6	7	14	48	62	63	67	74	3	In	VDJ							0.00007872
AGACATCTGTGTACTTGTGTGCCAGCAGTTACCCTGGACACCGCCGGACAACCAGCCTCCTATAATTCACCCCTCCACTTTGGGAAC		161	0.93236044	64	TCRBV06-08*01	TCRBV06	TCRBV06-08	01				TCRBD01-01*01	TCRBD01	TCRBD01-01	01				TCRBJ01-06*01	TCRBJ01	TCRBJ01-06	01				2	3	1	6	16	0	17	32	35	40	56	4	Out	VDJ							0.00007635
TGGAGCTTGGTGACTCTGCTGTGTATTTCTGTGCCAGCAGCTACTGGAATCCCATTCCATTCCGACAATGAGCAGTTCTTCGGGCCA		150	0.86865879	52	TCRBV03	TCRBV03	unresolved			TCRBV03-01,TCRBV03-02		unresolved		unresolved		TCRBD01,TCRBD02	TCRBD01-01,TCRBD02-01		TCRBJ02-01*01	TCRBJ02	TCRBJ02-01	01				5	4	1	8	16	5	29	41	45	48	64	1	Out	VDJ							0.00007113
CCAGCTCCCAGACATCTGTGTACTTCTGTGCCATCAGTAGATGAACCTGTAGATACAAAGCGGGCCAACGTCCTGACTTTCGGGGCC		148	0.85707667	55	TCRBV10-03*01	TCRBV10	TCRBV10-03	01				unresolved		unresolved		TCRBD01,TCRBD02	TCRBD01-01,TCRBD02-01		TCRBJ02-06*01	TCRBJ02	TCRBJ02-06	01				5	16	3	6	4	5	26	38	54	57	61	3	Out	VDJ							0.00007019
ATCCAGCGCACAGAGCAGCGGGACTCGGCCATGTATCGCTGTGCCAGCAGCTTAGCAGGGTTCGGAAACACCATATATTTTGGAGAG	CASSLAGFGNTIYF	147	0.85128562	42	TCRBV07-06*01	TCRBV07	TCRBV07-06	01				unresolved		unresolved		TCRBD01,TCRBD02	TCRBD01-01,TCRBD02-01		TCRBJ01-03*01	TCRBJ01	TCRBJ01-03	01				0	0	5	3	3	4	39	-1	56	60	63	1	In	VDJ							0.00006971
CCTTGGAGCTGGACGACTCGGCCCTGTATCTCTGTGCCAGCAGCTTGGGATATCCCTCCCCCGAATTCACCCCTCCACTTTGGGAAC		144	0.83391244	49	TCRBV05-04*01	TCRBV05	TCRBV05-04	01				unresolved		unresolved		TCRBD01,TCRBD02	TCRBD01-01,TCRBD02-01		TCRBJ01-06*01	TCRBJ01	TCRBJ01-06	01				0	0	2	8	13	7	32	-1	48	50	63	1	Out	VDJ							0.00006829
CTTGGTGACTCTGCTGTGTATTTCTGTGCCAGCAGCCTAGTGCTTCCCATTTCATAACATCATAATTCACCCCTCCACTTTGGGAAC	CASSLVLPIS*HHNSPLHF	139	0.80495715	57	TCRBV03	TCRBV03	unresolved			TCRBV03-01,TCRBV03-02		unresolved		unresolved		TCRBD01,TCRBD02	TCRBD01-01,TCRBD02-01		TCRBJ01-06*01	TCRBJ01	TCRBJ01-06	01				4	19	3	6	2	5	24	37	56	59	61	1	Stop	VDJ							0.00006592
TCCACGGAGTCAGGGGACACAGCACTGTATTTCTGTGCCAGCAGGAACGGGATGCTACACGTGTTAGACGAGCAGTACTTCGGGCCG	CASRNGMLHVLDEQYF	138	0.79916609	48	TCRBV21-01*01	TCRBV21	TCRBV21-01	01				TCRBD02-01*02	TCRBD02	TCRBD02-01	02				TCRBJ02-07*01	TCRBJ02	TCRBJ02-07	01				6	3	8	3	15	5	33	44	47	52	67	1	In	VDJ							0.00006544
AAGATCCAGCCCTCAGAACCCAGGGACTCAGCTGTGTATTTTTGTGCTAGTGGGAATAGTTTAGGAAACACCATATATTTTGGAGAG	CASGNSLGNTIYF	132	0.76441974	39	TCRBV12-05*01	TCRBV12	TCRBV12-05	01				TCRBD02-01	TCRBD02	TCRBD02-01				01,02	TCRBJ01-03*01	TCRBJ01	TCRBJ01-03	01				6	3	5	8	4	4	42	53	56	59	63	1	In	VDJ							0.0000626
ATCCAGCAGGTAGTGCGAGGAGATTCGGCAGCTTATTTCTGTGCCAGCTCACCCGGGACAGGGGATGAAAAACTGTTTTTTGGCAGT	CASSPGTGDEKLFF	132	0.76441974	42	TCRBV18-01*01	TCRBV18	TCRBV18-01	01				TCRBD01-01*01	TCRBD01	TCRBD01-01	01				TCRBJ01-04*01	TCRBJ01	TCRBJ01-04	01				3	1	0	2	0	6	39	53	54	-1	64	1	In	VDJ							0.0000626
ATCCAGCCCTCAGAACCCAGGGACTCAGCTGTGTACTTCTGTGCCAGCGGAAGACAGGGGCGCGATCAGCCCCAGCATTTTGGTGAT	CASGRQGRDQPQHF	128	0.7412555	42	TCRBV12	TCRBV12	unresolved			TCRBV12-03,TCRBV12-04		TCRBD01-01*01	TCRBD01	TCRBD01-01	01				TCRBJ01-05*01	TCRBJ01	TCRBJ01-05	01				8	4	2	2	4	5	39	48	52	60	64	1	In	VDJ							0.0000607
AAGATCCGGTCCACAAAGCTGGAGGACTCAGCCATGTACTTCTGTGCCAGCAGTGCTCAGGGCACAGATACGCAGTATTTTGGCCCA	CASSAQGTDTQYF	125	0.72388233	39	TCRBV02-01*01	TCRBV02	TCRBV02-01	01				TCRBD01-01*01	TCRBD01	TCRBD01-01	01				TCRBJ02-03*01	TCRBJ02	TCRBJ02-03	01				4	2	4	4	0	1	42	55	57	-1	61	1	In	VDJ							0.00005928
CATCCCCAACCAGACAGCTCTTTACTTCTGTGCCACCAGTGATTTTCGGCCCGGCAGGGGATAGGAAACACCATATATTTTGGAGAG		118	0.68334492	53	TCRBV24	TCRBV24	unresolved			TCRBV24-01,TCRBV24-or09_02		TCRBD01-01*01	TCRBD01	TCRBD01-01	01				TCRBJ01-03*01	TCRBJ01	TCRBJ01-03	01				1	9	4	2	3	4	28	45	54	60	63	3	Out	VDJ							0.00005596
GAGATCCAGCGCACAGAGCAGGGGGACTCGGCCATGTATCTCTGTGCCAGCAGCCATGGGACCCTCAATGAGCAGTTCTTCGGGCCA	CASSHGTLNEQFF	118	0.68334492	39	TCRBV07-09	TCRBV07	TCRBV07-09				01,03	unresolved		unresolved		TCRBD01,TCRBD02	TCRBD01-01,TCRBD02-01		TCRBJ02-01*01	TCRBJ02	TCRBJ02-01	01				5	3	0	7	3	6	42	54	57	62	65	3	In	VDJ							0.00005596
GGAGTTGGCTGCTCCCTCCCAGACATCTGTGTACTTCTGTGCCAGCAGTTACTCGTCCTGGGAGCCTACGAGCAGTACTTCGGGCCG		115	0.66597174	44	TCRBV06-06	TCRBV06	TCRBV06-06				01,02	TCRBD02-01*02	TCRBD02	TCRBD02-01	02				TCRBJ02-07*01	TCRBJ02	TCRBJ02-07	01				0	5	9	2	0	2	37	54	59	-1	64	2	Out	VDJ							0.00005454
CAGCGGGACTCGGCCATGTATCGCTGTGCCAGCAGCCGAGTCATTGAATCTCACAAAAGTCGGGCCAACGTCCTGACTTTCGGGGCC	CASSRVIESHKSRANVLTF	114	0.66018068	57	TCRBV07-06*01	TCRBV07	TCRBV07-06	01				unresolved		unresolved		TCRBD01,TCRBD02	TCRBD01-01,TCRBD02-01		TCRBJ02-06*01	TCRBJ02	TCRBJ02-06	01				5	16	3	6	6	5	24	36	52	55	61	1	In	VDJ							0.00005406
ACAGAGCAGGGGGACTCGGCCATGTATCTCTGTGCCAGCAGCTTAGCGTGGGGGGGCGCCGTGAACACTGAAGCTTTCTTTGGACAA	CASSLAWGGAVNTEAFF	112	0.64859856	51	TCRBV07-09	TCRBV07	TCRBV07-09				01,03	TCRBD02-01*01	TCRBD02	TCRBD02-01	01				TCRBJ01-01*01	TCRBJ01	TCRBJ01-01	01				0	2	9	0	5	0	30	47	49	56	61	1	In	VDJ							0.00005311
TCCACAAAGCTGGAGGACTCAGCCATGTACTTCTGTGCCAGCAGTGAAGCGCGGGGACAGGGGGTCTACGAGCAGTACTTCGGGCCG	CASSEARGQGVYEQYF	111	0.64280751	48	TCRBV02-01*01	TCRBV02	TCRBV02-01	01				TCRBD01-01*01	TCRBD01	TCRBD01-01	01				TCRBJ02-07*01	TCRBJ02	TCRBJ02-07	01				0	3	0	1	1	3	33	50	53	64	65	2	In	VDJ							0.00005264
GTGAGCACCTTGGAGCTGGGGGACTCGGCCCTTTATCTTTGCGCCAGCAGCTTGGTTTCGGGAACCACTGAAGCTTTCTTTGGACAA	CASSLVSGTTEAFF	103	0.59647904	42	TCRBV05-01*01	TCRBV05	TCRBV05-01	01				TCRBD02-01*02	TCRBD02	TCRBD02-01	02				TCRBJ01-01*01	TCRBJ01	TCRBJ01-01	01				0	3	8	3	2	4	39	55	58	63	65	1	In	VDJ							0.00004885
AGCTTGAGGATTCAGCAGTGTATTTTTGTGCCAGCAGCCACGGGAGGGTGTTAACAAAGTCGGGCCAACGTCCTGACTTTCGGGGCC		102	0.59068798	55	TCRBV16-01	TCRBV16	TCRBV16-01				01,02	TCRBD02-01*02	TCRBD02	TCRBD02-01	02				TCRBJ02-06*01	TCRBJ02	TCRBJ02-06	01				3	0	8	0	13	5	26	-1	40	48	61	1	Out	VDJ							0.00004837
CTGGAGTCGCCCAGCCCCAACCAGACCTCTCTGTACTTCTGTGCCAGCAGTTTCGGGCTCCCCCTCTACGAGCAGTACTTCGGGCCG	CASSFGLPLYEQYF	102	0.59068798	42	TCRBV27-01*01	TCRBV27	TCRBV27-01	01				unresolved		unresolved		TCRBD01,TCRBD02	TCRBD01-01,TCRBD02-01		TCRBJ02-07*01	TCRBJ02	TCRBJ02-07	01				3	1	8	0	7	3	39	53	54	58	65	2	In	VDJ							0.00004837
AGCTGGGGGACTCAGCCCTGTACTTCTGTGCCAGCAGGGTTATGCATCTGAGTACAAAGTCGGGCCAACGTCCTGACTTTCGGGGCC		101	0.58489692	55	TCRBV13-01*01	TCRBV13	TCRBV13-01	01				unresolved		unresolved		TCRBD01,TCRBD02	TCRBD01-01,TCRBD02-01		TCRBJ02-06*01	TCRBJ02	TCRBJ02-06	01				6	16	3	6	5	5	26	37	53	56	61	1	Out	VDJ							0.0000479
TCAGCTACCCGCTCCCAGACATCTGTGTATTTCTGCGCCAGCAGTGACGGTGCAGGGGGAAGCACAGATACGCAGTATTTTGGCCCA	CASSDGAGGSTDTQYF	101	0.58489692	48	TCRBV10-02*01	TCRBV10	TCRBV10-02	01				TCRBD01-01*01	TCRBD01	TCRBD01-01	01				TCRBJ02-03*01	TCRBJ02	TCRBJ02-03	01				3	5	4	1	1	0	33	47	52	59	60	1	In	VDJ							0.0000479
CAGCCCTCAGAACCCAGGGACTCAGCTGTGTACTTCTGTGCCAGCAGCTCCGATCCTGGGGGTTACTATGGCTACACCTTCGGTTCG	CASSSDPGGYYGYTF	100	0.57910586	45	TCRBV12	TCRBV12	unresolved			TCRBV12-03,TCRBV12-04		unresolved		unresolved		TCRBD01,TCRBD02	TCRBD01-01,TCRBD02-01		TCRBJ01-02*01	TCRBJ01	TCRBJ01-02	01				6	10	6	1	2	3	36	47	57	62	64	1	In	VDJ							0.00004742
GTGACATCGGCCCAAAAGAACCCGACAGCTTTCTATCTCTGTGCCAGTAGTGGGGGACCGACGAACACTGAAGCTTTCTTTGGACAA	CASSGGPTNTEAFF	99	0.5733148	42	TCRBV19-01	TCRBV19	TCRBV19-01				01,02	unresolved		unresolved		TCRBD01,TCRBD02	TCRBD01-01,TCRBD02-01		TCRBJ01-01*01	TCRBJ01	TCRBJ01-01	01				5	2	0	7	4	1	39	51	53	58	62	1	In	VDJ							0.00004695
TGGAGCTTGGTGACTCTGCTGTGTATTTCTGTGCCAGCAGCTGTCATCGTCCCATTGCAAAGAAAAAACATTCAGTACTTCGGCGCC		98	0.56752374	52	TCRBV03	TCRBV03	unresolved			TCRBV03-01,TCRBV03-02		unresolved		unresolved		TCRBD01,TCRBD02	TCRBD01-01,TCRBD02-01		TCRBJ02-04*01	TCRBJ02	TCRBJ02-04	01				5	20	2	8	0	4	29	41	61	-1	63	2	Out	VDJ							0.00004647
CGGTCCACAAAGCTGGAGGACTCAGCCATGTACTTCTGTGCCAGCAGTGAAGGCCTGAGGGGCAATCAGCCCCAGCATTTTGGTGAT	CASSEGLRGNQPQHF	95	0.55015057	45	TCRBV02-01*01	TCRBV02	TCRBV02-01	01				TCRBD02-01*02	TCRBD02	TCRBD02-01	02				TCRBJ01-05*01	TCRBJ01	TCRBJ01-05	01				1	4	11	0	0	2	36	52	56	-1	61	2	In	VDJ							0.00004505
TGTCCCTAGAGTCTGCCATCCCCAACCAGACAGCTCTTTACTTCTGTGCCACCCGAGGAATTGCTAACTGAAGCTTTCTTTGGACAA		93	0.53856845	37	TCRBV24	TCRBV24	unresolved			TCRBV24-01,TCRBV24-or09_02		TCRBD02-01*02	TCRBD02	TCRBD02-01	02				TCRBJ01-01*01	TCRBJ01	TCRBJ01-01	01				9	1	11	1	8	5	44	53	54	58	66	2	Out	VDJ							0.0000441
ATGTGAGTGCCTTGGAGCTGGGGGACTCGGCCCTGTATCTCTGTGCCAGAAGCTTGTTACAGCAATCAGCCCCAGCATTTTGGTGAT		92	0.53277739	40	TCRBV05-03	TCRBV05	TCRBV05-03				01,02	unresolved		unresolved		TCRBD01,TCRBD02	TCRBD01-01,TCRBD02-01		TCRBJ01-05*01	TCRBJ01	TCRBJ01-05	01				1	2	3	7	0	1	41	56	58	-1	60	2	Out	VDJ							0.00004363
CAGCGCACAGAGCAGGGGGACTCGGCCATGTATCTCTGTGCCAGCAGCTTAGGGACAGGCGCTTATTCACCCCTCCACTTTGGGAAC	CASSLGTGAYSPLHF	92	0.53277739	45	TCRBV07-09	TCRBV07	TCRBV07-09				01,03	TCRBD01-01*01	TCRBD01	TCRBD01-01	01				TCRBJ01-06*01	TCRBJ01	TCRBJ01-06	01				1	0	1	4	5	8	36	-1	52	59	64	1	In	VDJ							0.00004363
AATTCCCTGGAGCTTGGTGACTCTGCTGTGTATTTCTGTGCCAGCAGCCAATTGGGCGACATGTCTAGCGGCTACACCTTCGGTTCG	CASSQLGDMSSGYTF	91	0.52698633	45	TCRBV03	TCRBV03	unresolved			TCRBV03-01,TCRBV03-02		TCRBD02-01	TCRBD02	TCRBD02-01				01,02	TCRBJ01-02*01	TCRBJ01	TCRBJ01-02	01				2	13	4	7	0	8	36	51	64	-1	69	2	In	VDJ							0.00004316
CACCTACACGCCCTGCAGCCAGAAGACTCAGCCCTGTATCTCTGCGCCAGCAGCCAAAGGGGGATCGATGAGCAGTTCTTCGGGCCA	CASSQRGIDEQFF	91	0.52698633	39	TCRBV04-01*01	TCRBV04	TCRBV04-01	01				TCRBD01-01*01	TCRBD01	TCRBD01-01	01				TCRBJ02-01*01	TCRBJ02	TCRBJ02-01	01				2	0	5	1	4	8	42	-1	57	63	67	1	In	VDJ							0.00004316
ACATCGGCCCAAAAGAACCCGACAGCTTTCTATCTCTGTGCCAGTAGTTCCCTAGCCAACAGTCTCAATGAGCAGTTCTTCGGGCCA	CASSSLANSLNEQFF	89	0.51540422	45	TCRBV19-01	TCRBV19	TCRBV19-01				01,02	TCRBD02-01	TCRBD02	TCRBD02-01				01,02	TCRBJ02-01*01	TCRBJ02	TCRBJ02-01	01				5	3	4	7	9	6	36	48	51	56	65	1	In	VDJ							0.00004221
GAGTCGGCTGCTCCCTCCCAAACATCTGTGTACTTCTGTGCCAGCTGTGAGACTAGCGGGGGGGCGGATACGCAGTATTTTGGCCCA	CASCETSGGADTQYF	89	0.51540422	45	TCRBV06	TCRBV06	unresolved			TCRBV06-02,TCRBV06-03		TCRBD02-01*01	TCRBD02	TCRBD02-01	01				TCRBJ02-03*01	TCRBJ02	TCRBJ02-03	01				8	5	2	0	2	6	36	45	50	64	66	1	In	VDJ							0.00004221
ACTCTGACTGTGAGCAACATGAGCCCTGAAGACAGCAGCATATATCTCTGCAGCGTCGTACAATACTACGAGCAGTACTTCGGGCCG	CSVVQYYEQYF	88	0.50961316	33	TCRBV29-01*01	TCRBV29	TCRBV29-01	01				TCRBD01-01*01	TCRBD01	TCRBD01-01	01				TCRBJ02-07*01	TCRBJ02	TCRBJ02-07	01				6	3	3	6	3	3	48	56	59	62	65	1	In	VDJ							0.00004173
ACATCGGCCCAAAAGAACCCGACAGCTTTCTATCTCTGTGCCAGTAGTCACTCTTTGGGGTATAATTCACCCCTCCACTTTGGGAAC	CASSHSLGYNSPLHF	87	0.5038221	45	TCRBV19-01	TCRBV19	TCRBV19-01				01,02	unresolved		unresolved		TCRBD01,TCRBD02	TCRBD01-01,TCRBD02-01		TCRBJ01-06*01	TCRBJ01	TCRBJ01-06	01				5	8	6	2	0	4	36	48	56	-1	60	1	In	VDJ							0.00004126
CTGGAGCTTGGTGACTCTGCTGTGTATTTCTGTGCCAGCAGCCAGACTCGTCCCTTCCATTCCGACAATGAGCAGTTCTTCGGGCCA	CASSQTRPFHSDNEQFF	87	0.5038221	51	TCRBV03	TCRBV03	unresolved			TCRBV03-01,TCRBV03-02		TCRBD02-01	TCRBD02	TCRBD02-01				01,02	TCRBJ02-01*01	TCRBJ02	TCRBJ02-01	01				3	0	2	10	16	5	30	-1	44	48	64	1	In	VDJ							0.00004126
ATCCTGGAGTCGCCCAGCCCCAACCAGACCTCTCTGTACTTCTGTGCCAGCAGGCTCATCGGGGGGACTGAAGCTTTCTTTGGACAA	CASRLIGGTEAFF	84	0.48644892	39	TCRBV27-01*01	TCRBV27	TCRBV27-01	01				TCRBD02-01*01	TCRBD02	TCRBD02-01	01				TCRBJ01-01*01	TCRBJ01	TCRBJ01-01	01				6	6	8	1	0	5	42	53	59	-1	66	1	In	VDJ							0.00003984
GCAGCCTGCAGAACTGGAGGATTCTGGAGTTTATTTCTGTGCCAGCAGCCAAGTAAAGGGTTCGGTGAAAAACTGTTTTTTGGCAGT		84	0.48644892	44	TCRBV14-01*01	TCRBV14	TCRBV14-01	01				unresolved		unresolved		TCRBD01,TCRBD02	TCRBD01-01,TCRBD02-01		TCRBJ01-04*01	TCRBJ01	TCRBJ01-04	01				1	3	5	3	5	7	37	53	56	60	65	2	Out	VDJ							0.00003984
GAACCCAGGGACTCAGCTGTGTACTTCTGTGCCAGCAGTTTTCATGGGGAGGTCCTAATAAACACCGGGGAGCTGTTTTTTGGAGAA	CASSFHGEVLINTGELFF	83	0.48065786	54	TCRBV12	TCRBV12	unresolved			TCRBV12-03,TCRBV12-04		TCRBD02-01*02	TCRBD02	TCRBD02-01	02				TCRBJ02-02*01	TCRBJ02	TCRBJ02-02	01				3	5	9	1	8	2	27	41	46	52	60	1	In	VDJ							0.00003936
TCCACAAAGCTGGAGGACTCAGCCATGTACTTCTGTGCCAGCAGTGGGGACGCAAGCTCTGGGGCCAACGTCCTGACTTTCGGGGCC	CASSGDASSGANVLTF	83	0.48065786	48	TCRBV02-01*01	TCRBV02	TCRBV02-01	01				unresolved		unresolved		TCRBD01,TCRBD02	TCRBD01-01,TCRBD02-01		TCRBJ02-06*01	TCRBJ02	TCRBJ02-06	01				4	0	0	7	5	0	33	-1	46	51	56	2	In	VDJ							0.00003936
CCTGGAGCTTGGTGACTCTGCTGTGTATTTCTGTGCCAGCAGCGAACACCCTCCCATTTCATTCGCACTGAAGCTTTCTTTGGACAA		82	0.47486681	50	TCRBV03	TCRBV03	unresolved			TCRBV03-01,TCRBV03-02		TCRBD01-01*01	TCRBD01	TCRBD01-01	01				TCRBJ01-01*01	TCRBJ01	TCRBJ01-01	01				5	2	3	6	17	4	31	43	45	48	65	1	Out	VDJ							0.00003889
GAGCTGGGGGACTCGGCCCTTTATCTTTGCGCCAGCAGCTTGGCCCGGGTACAGGGGGCCGGGGAGTATGGCTACACCTTCGGTTCG	CASSLARVQGAGEYGYTF	82	0.47486681	54	TCRBV05-01*01	TCRBV05	TCRBV05-01	01				TCRBD01-01*01	TCRBD01	TCRBD01-01	01				TCRBJ01-02*01	TCRBJ01	TCRBJ01-02	01				0	7	3	0	7	5	27	43	50	59	66	2	In	VDJ							0.00003889
GAGTTGGCTGCTCCCTCCCAGACATCTGTGTACTTCTGTGCCAGCAGTAATACAGGGGGCGGGCAAGAGACCCAGTACTTCGGGCCA	CASSNTGGGQETQYF	80	0.46328469	45	TCRBV06-06	TCRBV06	TCRBV06-06				01,02	TCRBD01-01*01	TCRBD01	TCRBD01-01	01				TCRBJ02-05*01	TCRBJ02	TCRBJ02-05	01				5	3	3	0	3	2	36	48	51	60	63	1	In	VDJ							0.00003794
GTCCACGGAGTCAGGGGACACAGCACTGTATTTCTGTGCCAGCAGACCAGCAACTACAGAAAGACCTATGGCTACACCTTCGGTTCG		79	0.45749363	47	TCRBV21-01*01	TCRBV21	TCRBV21-01	01				unresolved		unresolved		TCRBD01,TCRBD02	TCRBD01-01,TCRBD02-01		TCRBJ01-02*01	TCRBJ01	TCRBJ01-02	01				6	10	3	5	6	4	34	45	55	59	65	1	Out	VDJ							0.00003746
ATCCGGTCCACAAAGCTGGAGGACTCAGCCATGTACTTCTGTGCCAGCAGTGGCCTGGGCTCCTACAATGAGCAGTTCTTCGGGCCA	CASSGLGSYNEQFF	78	0.45170257	42	TCRBV02-01*01	TCRBV02	TCRBV02-01	01				unresolved		unresolved		TCRBD01,TCRBD02	TCRBD01-01,TCRBD02-01		TCRBJ02-01*01	TCRBJ02	TCRBJ02-01	01				4	4	0	9	0	0	39	52	56	-1	59	1	In	VDJ							0.00003699
CCCTGGAGCTTGGTGACTCTGCTGTGTATTTCTGTGCCAGCAGCAGGACTGTTCCCCCATTCCGACAATGAGCAGTTCTTCGGGCCA		78	0.45170257	49	TCRBV03	TCRBV03	unresolved			TCRBV03-01,TCRBV03-02		TCRBD02-01	TCRBD02	TCRBD02-01				01,02	TCRBJ02-01*01	TCRBJ02	TCRBJ02-01	01				5	1	1	10	14	5	32	44	45	50	64	1	Out	VDJ							0.00003699
CCCTGGAGCTTGGTGACTCTGCTGTGTATTTCTGTGCCAGCAGCGATAGTTATCCCATTTGTGTTAGACGAGCAGTACTTCGGGCCG		77	0.44591151	49	TCRBV03	TCRBV03	unresolved			TCRBV03-01,TCRBV03-02		TCRBD02-01	TCRBD02	TCRBD02-01				01,02	TCRBJ02-07*01	TCRBJ02	TCRBJ02-07	01				5	2	5	8	18	5	32	44	46	49	67	1	Out	VDJ							0.00003652
CTCAGGCTGGAGTTGGCTGCTCCCTCCCAGACATCTGTGTACTTCTGTGCCAGCAGTTTCCTCAATCAGCCCCAGCATTTTGGTGAT	CASSFLNQPQHF	77	0.44591151	36	TCRBV06-06	TCRBV06	TCRBV06-06				01,02	TCRBD02-01	TCRBD02	TCRBD02-01				01,02	TCRBJ01-05*01	TCRBJ01	TCRBJ01-05	01				4	2	4	10	0	3	45	58	60	-1	62	1	In	VDJ							0.00003652
CTCTCCCAGACATCTGTATATTTCTGCGCCAGCAGTGGGGATGAAAGATCGCACAAAAGTCGGGCCAACGTCCTGACTTTCGGGGCC	CASSGDERSHKSRANVLTF	77	0.44591151	57	TCRBV10-01	TCRBV10	TCRBV10-01				01,02	unresolved		unresolved		TCRBD01,TCRBD02	TCRBD01-01,TCRBD02-01		TCRBJ02-06*01	TCRBJ02	TCRBJ02-06	01				4	0	0	8	20	5	24	-1	37	41	61	1	In	VDJ							0.00003652
CCTGGAGCTTGGTGACTCTGCTGTGTATTTCTGTGCCAGCAGCGGGTGGCGTCCCATTTGTCATGAGATACGCAGTATTTTGGCCCA		76	0.44012045	50	TCRBV03	TCRBV03	unresolved			TCRBV03-01,TCRBV03-02		unresolved		unresolved		TCRBD01,TCRBD02	TCRBD01-01,TCRBD02-01		TCRBJ02-03*01	TCRBJ02	TCRBJ02-03	01				5	0	0	9	19	5	31	-1	43	46	65	1	Out	VDJ							0.00003604
AATGTGAGCACCTTGGAGCTGGGGGACTCGGCCCTTTATCTTTGCGCCAGCAGGGACAGAACGAACACTGAAGCTTTCTTTGGACAA	CASRDRTNTEAFF	75	0.4343294	39	TCRBV05-01*01	TCRBV05	TCRBV05-01	01				TCRBD01-01*01	TCRBD01	TCRBD01-01	01				TCRBJ01-01*01	TCRBJ01	TCRBJ01-01	01				5	0	1	5	3	1	42	-1	53	59	62	1	In	VDJ							0.00003557
ACTGTGACATCGGCCCAAAAGAACCCGACAGCTTTCTATCTCTGTGCCAGTAGTAGCCCCCCGGGGGGGGAGACGTACTTCGGGCCG	CASSSPPGGETYF	75	0.4343294	39	TCRBV19-01	TCRBV19	TCRBV19-01				01,02	TCRBD02-01*01	TCRBD02	TCRBD02-01	01				TCRBJ02-07*01	TCRBJ02	TCRBJ02-07	01				4	6	8	0	5	12	42	55	61	69	74	1	In	VDJ							0.00003557
CTGAAGATCCGGTCCACAAAGCTGGAGGACTCAGCCATGTACTTCTGTGCCAGCATCCCCGGACCTTACGAGCAGTACTTCGGGCCG	CASIPGPYEQYF	74	0.42853834	36	TCRBV02-01*01	TCRBV02	TCRBV02-01	01				unresolved		unresolved		TCRBD01,TCRBD02	TCRBD01-01,TCRBD02-01		TCRBJ02-07*01	TCRBJ02	TCRBJ02-07	01				7	5	1	7	2	4	45	55	60	64	66	1	In	VDJ							0.00003509
TCTACTAGCACCAGCCAGACCTCTGTACCTCTGTGGCAGTGAGTTAAGTAGCCACAAAGTCGGGCCAACGTCCTGACTTTCGGGGCC	WQ*VK*PQSRANVLTF	73	0.42274728	48	TCRBV08-02*01	TCRBV08	TCRBV08-02	01				TCRBD02-01	TCRBD02	TCRBD02-01				01,02	TCRBJ02-06*01	TCRBJ02	TCRBJ02-06	01				25	26	5	7	9	5	33	22	48	52	61	1	Stop	VDJ							0.00003462
ACTGTGACATCGGCCCAAAAGAACCCGACAGCTTTCTATCTCTGTGCCAGTAGTATATTTTCGGAAAGTGAAGCTTTCTTTGGACAA	CASSIFSESEAFF	72	0.41695622	39	TCRBV19-01	TCRBV19	TCRBV19-01				01,02	unresolved		unresolved		TCRBD01,TCRBD02	TCRBD01-01,TCRBD02-01		TCRBJ01-01*01	TCRBJ01	TCRBJ01-01	01				2	5	1	8	3	7	42	57	62	65	68	1	In	VDJ							0.00003414
AGCACCTTGGAGCTGGGGGACTCGGCCCTTTATCTTTGCGCCAGCAGCTTGGTAGGCAGGAGTAGAAACACCATATATTTTGGAGAG	CASSLVGRSRNTIYF	72	0.41695622	45	TCRBV05-01*01	TCRBV05	TCRBV05-01	01				unresolved		unresolved		TCRBD01,TCRBD02	TCRBD01-01,TCRBD02-01		TCRBJ01-03*01	TCRBJ01	TCRBJ01-03	01				0	4	4	4	4	5	36	52	56	60	64	1	In	VDJ							0.00003414
CCCTAGAGTCTGCCATCCCCAACCAGACAGCTCTTTACTTCTGTGCCACCAGTGCCTCCCTCCTACAATGAGCAGTTCTTCGGGCCA		72	0.41695622	40	TCRBV24	TCRBV24	unresolved			TCRBV24-01,TCRBV24-or09_02		TCRBD02-01	TCRBD02	TCRBD02-01				01,02	TCRBJ02-01*01	TCRBJ02	TCRBJ02-01	01				5	1	4	10	2	0	41	54	55	57	59	1	Out	VDJ							0.00003414
CGGTCCACAAAGCTGGAGGACTCAGCCATGTACTTCTGTGCCAGCATCGAAGGGGGAGGGGCGGACTATGGCTACACCTTCGGTTCG	CASIEGGGADYGYTF	70	0.4053741	45	TCRBV02-01*01	TCRBV02	TCRBV02-01	01				TCRBD02-01*02	TCRBD02	TCRBD02-01	02				TCRBJ01-02*01	TCRBJ01	TCRBJ01-02	01				7	7	9	0	4	3	36	46	53	60	64	1	In	VDJ							0.0000332
TGCTGTACCCTCTCAGACATCTGTGTACTTCTGTGCCAGCAGTTAACAGTTCCACACGGAAAGACCTATGGCTACACCTTCGGTTCG		70	0.4053741	50	TCRBV06-04	TCRBV06	TCRBV06-04				01,02	TCRBD01-01*01	TCRBD01	TCRBD01-01	01				TCRBJ01-02*01	TCRBJ01	TCRBJ01-02	01				5	2	3	5	16	4	31	43	45	49	65	1	Out	VDJ							0.0000332
TTGGAGCTGGGGGACTCGGCCCTTTATCTTTGCGCCAGCAGCTTGGCTACCCCGGGACAGGTGAACACTGAAGCTTTCTTTGGACAA	CASSLATPGQVNTEAFF	70	0.4053741	51	TCRBV05-01*01	TCRBV05	TCRBV05-01	01				TCRBD01-01*01	TCRBD01	TCRBD01-01	01				TCRBJ01-01*01	TCRBJ01	TCRBJ01-01	01				0	7	0	4	0	0	30	46	53	-1	61	1	In	VDJ							0.0000332
CAATTCCCTGGAGCTTGGTGACTCTGCTGTGTATTTCTGTGCCAGCAGCATTCTAGCTCCCATTTGAAAGACCTATGGCTCGGTTCG		68	0.39379199	44	TCRBV03	TCRBV03	unresolved			TCRBV03-01,TCRBV03-02		TCRBD02-01	TCRBD02	TCRBD02-01				01,02	TCRBJ01-02*01	TCRBJ01	TCRBJ01-02	01				5	3	4	7	22	18	37	49	52	57	79	1	Out	VDJ							0.00003225
CCACGGAGTCAGGGGACACAGCACTGTATTTCTGTGCCAGCAGATGAGGGTTAGCTAACAATTCGCACTGAAGCTTTCTTTGGACAA		68	0.39379199	49	TCRBV21-01*01	TCRBV21	TCRBV21-01	01				TCRBD02-01*02	TCRBD02	TCRBD02-01	02				TCRBJ01-01*01	TCRBJ01	TCRBJ01-01	01				6	2	11	0	15	4	32	43	45	50	65	1	Out	VDJ							0.00003225
CTGGAGTCGGCTGCTCCCTCCCAGACATCTGTGTACTTCTGTGCCAGCAGTGAAGGGCCTTATAATTCACCCCTCCACTTTGGGAAC	CASSEGPYNSPLHF	68	0.39379199	42	TCRBV06-01*01	TCRBV06	TCRBV06-01	01				TCRBD01-01*01	TCRBD01	TCRBD01-01	01				TCRBJ01-06*01	TCRBJ01	TCRBJ01-06	01				1	0	9	0	2	4	39	-1	55	58	60	1	In	VDJ							0.00003225
TCCCTCCCAGACATCTGTGTACTTCTGTGCCAGCAGTTATAGGGGGACAGGGCGAGCTCCTATAATTCACCCCTCCACTTTGGGAAC		68	0.39379199	56	TCRBV06	TCRBV06	unresolved			TCRBV06-05,TCRBV06-06		TCRBD01-01*01	TCRBD01	TCRBD01-01	01				TCRBJ01-06*01	TCRBJ01	TCRBJ01-06	01				3	4	0	3	4	0	25	39	43	52	56	1	Out	VDJ							0.00003225
CTGAGGATCCAGCAGGTAGTGCGAGGAGATTCGGCAGCTTATTTCTGTGCCAGCTCGTATCCAGCCAGCGAGCAGTACTTCGGGCCG	CASSYPASEQYF	67	0.38800093	36	TCRBV18-01*01	TCRBV18	TCRBV18-01	01				unresolved		unresolved		TCRBD01,TCRBD02	TCRBD01-01,TCRBD02-01		TCRBJ02-07*01	TCRBJ02	TCRBJ02-07	01				6	5	4	5	4	6	45	56	61	64	68	1	In	VDJ							0.00003177
AGCTGGGGGACTCAGCCCTGTACTTCTGTGCCAGCAGAGGGGTGAGTCACGCCTGAGTGAAAGACCTATGGCTACACCTTCGGTTCG		66	0.38220987	55	TCRBV13-01*01	TCRBV13	TCRBV13-01	01				TCRBD01-01*01	TCRBD01	TCRBD01-01	01				TCRBJ01-02*01	TCRBJ01	TCRBJ01-02	01				6	0	5	2	23	4	26	-1	37	42	65	1	Out	VDJ							0.0000313
ACAAAGCTGGAGGACTCAGCCATGTACTTCTGTGCCAGCAGTCGAAGGCCCCGGGGGCCCCACACAGATACGCAGTATTTTGGCCCA	CASSRRPRGPHTDTQYF	65	0.37641881	51	TCRBV02-01*01	TCRBV02	TCRBV02-01	01				unresolved		unresolved		TCRBD01,TCRBD02	TCRBD01-01,TCRBD02-01		TCRBJ02-03*01	TCRBJ02	TCRBJ02-03	01				5	10	6	0	4	2	30	42	52	58	62	1	In	VDJ							0.00003083
AGTCCACGGAGTCAGGGGACACAGCACTGTATTTCTGTGCCAGCAGCCGCACTGCAGGGGGCGCTGGATGAGCAGTTCTTCGGGCCA		65	0.37641881	46	TCRBV21-01*01	TCRBV21	TCRBV21-01	01				TCRBD01-01*01	TCRBD01	TCRBD01-01	01				TCRBJ02-01*01	TCRBJ02	TCRBJ02-01	01				5	7	4	0	5	8	35	47	54	62	67	1	Out	VDJ							0.00003083
TGCTGTACCCTCTCAGACATCTGTGTACTTCTGTGCCAGCAGTCGGAACCTCTCACAGGAAAGACCTATGGCTACACCTTCGGTTCG		65	0.37641881	50	TCRBV06-04	TCRBV06	TCRBV06-04				01,02	TCRBD01-01*01	TCRBD01	TCRBD01-01	01				TCRBJ01-02*01	TCRBJ01	TCRBJ01-02	01				5	11	3	4	6	4	31	43	54	59	65	1	Out	VDJ							0.00003083
CTGGAGTCGCCCAGCCCCAACCAGACCTCTCTGTACTTCTGTGCCAGCAGTTCGGACAGGGACAATCAGCCCCAGCATTTTGGTGAT	CASSSDRDNQPQHF	64	0.37062775	42	TCRBV27-01*01	TCRBV27	TCRBV27-01	01				TCRBD01-01*01	TCRBD01	TCRBD01-01	01				TCRBJ01-05*01	TCRBJ01	TCRBJ01-05	01				4	1	1	3	1	3	39	52	53	61	62	1	In	VDJ							0.00003035
GAGCTGGAGGACTCGGCCCTGTATCTCTGTGCCAGCAGCCTTCCGCAAAACCGCGGGGGGATAAGCTACGAGCAGTACTTCGGGCCG	CASSLPQNRGGISYEQYF	64	0.37062775	54	TCRBV05-08*01	TCRBV05	TCRBV05-08	01				TCRBD02-01*01	TCRBD02	TCRBD02-01	01				TCRBJ02-07*01	TCRBJ02	TCRBJ02-07	01				4	13	7	1	5	3	27	39	52	60	65	1	In	VDJ							0.00003035
TTGGAGCTGGGGGACTCGGCCCTTTATCTTTGCGCCAGCAGCTTGGCCCGACAGGTAGCCGGCACCGGGGAGCTGTTTTTTGGAGAA	CASSLARQVAGTGELFF	62	0.35904563	51	TCRBV05-01*01	TCRBV05	TCRBV05-01	01				TCRBD01-01*01	TCRBD01	TCRBD01-01	01				TCRBJ02-02*01	TCRBJ02	TCRBJ02-02	01				0	3	2	4	7	4	30	46	49	55	62	1	In	VDJ							0.0000294
AGCTTGGTGACTCTGCTGTGTATTTCTGTGCCAGCAGCGGGGGTGCTCCCATTTATACATCATAATTCACCCCTCCACTTTGGGAAC		61	0.35325457	55	TCRBV03	TCRBV03	unresolved			TCRBV03-01,TCRBV03-02		unresolved		unresolved		TCRBD01,TCRBD02	TCRBD01-01,TCRBD02-01		TCRBJ01-06*01	TCRBJ01	TCRBJ01-06	01				5	0	6	1	18	5	26	-1	38	43	61	1	Out	VDJ							0.00002893
CAGGGACTCAGCTGTGTACTTCTGTGCCAGCACTCCGGAGGGTAAAGGAATGGTGGTACCGCGTGGTCACCCCTCCACTTTGGGAAC		61	0.35325457	59	TCRBV12	TCRBV12	unresolved			TCRBV12-03,TCRBV12-04		TCRBD02-01*02	TCRBD02	TCRBD02-01	02				TCRBJ01-06*01	TCRBJ01	TCRBJ01-06	01				7	4	10	0	24	10	22	32	36	42	66	1	Out	VDJ							0.00002893
CCTGCAGCCAGAAGACTCGGCCCTGTATCTCTGTGCCAGCAGCTTTCATGCCAAAGGTGAAAGACCTATGGCTACACCTTCGGTTCG		61	0.35325457	50	TCRBV04-02*01	TCRBV04	TCRBV04-02	01				unresolved		unresolved		TCRBD01,TCRBD02	TCRBD01-01,TCRBD02-01		TCRBJ01-02*01	TCRBJ01	TCRBJ01-02	01				5	19	2	7	0	4	31	43	62	-1	65	1	Out	VDJ							0.00002893
ATCCGGTCCACAAAGCTGGAGGACTCAGCCATGTACTTCTGTGCCAGCAGTGAAAATGAGTCAGGGGATGGCTACACCTTCGGTTCG	CASSENESGDGYTF	60	0.34746352	42	TCRBV02-01*01	TCRBV02	TCRBV02-01	01				TCRBD01-01*01	TCRBD01	TCRBD01-01	01				TCRBJ01-02*01	TCRBJ01	TCRBJ01-02	01				2	7	4	2	0	6	39	54	61	-1	67	1	In	VDJ							0.00002845
CCATCCCCAACCAGACAGCTCTTTACTTCTGTGCCACCAGTGATTTGCAAAGGGAGCTCCTATAATTCACCCCTCCACTTTGGGAAC		59	0.34167246	52	TCRBV24	TCRBV24	unresolved			TCRBV24-01,TCRBV24-or09_02		TCRBD02-01*02	TCRBD02	TCRBD02-01	02				TCRBJ01-06*01	TCRBJ01	TCRBJ01-06	01				0	4	9	2	0	0	29	47	51	-1	56	1	Out	VDJ							0.00002798
CGCTCACCAGGCAGCCATGTACCTGTGTGCCACCAGCTTTTCGGAATGGTGTGACAAAGTCGGGCCAACGTCCTGACTTTCGGGGCC		59	0.34167246	56	TCRBV15-01*01	TCRBV15	TCRBV15-01	01				TCRBD01-01*01	TCRBD01	TCRBD01-01	01				TCRBJ02-06*01	TCRBJ02	TCRBJ02-06	01				5	15	2	6	5	5	25	37	52	56	61	1	Out	VDJ							0.00002798
CTGACTGTGAGCAACATGAGCCCTGAAGACAGCAGCATATATCTCTGCAGCGAACAGACAGGCAATCAGCCCCAGCATTTTGGTGAT	CSEQTGNQPQHF	59	0.34167246	36	TCRBV29-01*01	TCRBV29	TCRBV29-01	01				TCRBD01-01*01	TCRBD01	TCRBD01-01	01				TCRBJ01-05*01	TCRBJ01	TCRBJ01-05	01				7	4	2	5	0	2	45	52	56	-1	61	1	In	VDJ							0.00002798
ACGGAGTCAGGGGACACAGCACTGTATTTCTGTGCCAGCAGAACTTAGTTGCTACAGCAAAGAAAAAACATTCAGTACTTCGGCGCC	CASRT*LLQQRKNIQYF	58	0.3358814	51	TCRBV21-01*01	TCRBV21	TCRBV21-01	01				TCRBD01-01*01	TCRBD01	TCRBD01-01	01				TCRBJ02-04*01	TCRBJ02	TCRBJ02-04	01				6	12	3	5	6	4	30	41	53	57	63	1	Stop	VDJ							0.00002751
CTCACTGTGACATCGGCCCAAAAGAACCCGACAGCTTTCTATCTCTGTGCCAGCAGGGAAAGCGGAAACACCATATATTTTGGAGAG	CASRESGNTIYF	58	0.3358814	36	TCRBV19-01	TCRBV19	TCRBV19-01				01,02	TCRBD01-01*01	TCRBD01	TCRBD01-01	01				TCRBJ01-03*01	TCRBJ01	TCRBJ01-03	01				9	0	4	3	5	4	45	-1	53	58	63	1	In	VDJ							0.00002751
GGCCCAAAAGAACCCGACAGCTTTCTATCTCTGTGCCAGTAGTCGCCGAGTGACAAATCGAAGACCTATGGCTACACCTTCGGTTCG		58	0.3358814	50	TCRBV19-01	TCRBV19	TCRBV19-01				01,02	TCRBD01-01*01	TCRBD01	TCRBD01-01	01				TCRBJ01-02*01	TCRBJ01	TCRBJ01-02	01				5	8	2	6	10	4	31	43	51	55	65	1	Out	VDJ							0.00002751
TTGGAGATCCAGCGCACAGAGCAGGGGGACTCGGCCATGTATCTCTGTGCCATAACCGGGACACTTTATGGCTACACCTTCGGTTCG	CAITGTLYGYTF	58	0.3358814	36	TCRBV07-09	TCRBV07	TCRBV07-09				01,03	TCRBD01-01*01	TCRBD01	TCRBD01-01	01				TCRBJ01-02*01	TCRBJ01	TCRBJ01-02	01				10	5	0	6	3	5	45	52	57	63	66	1	In	VDJ							0.00002751
CAGCCCTCAGAACCCAGGGACTCAGCTGTGTACTTCTGTGCCAGCAGTTTAGAGCGGGGGGTCACAGATACGCAGTATTTTGGCCCA	CASSLERGVTDTQYF	57	0.33009034	45	TCRBV12	TCRBV12	unresolved			TCRBV12-03,TCRBV12-04		TCRBD02-01*01	TCRBD02	TCRBD02-01	01				TCRBJ02-03*01	TCRBJ02	TCRBJ02-03	01				1	0	6	1	1	2	36	-1	52	61	62	1	In	VDJ							0.00002703
AACGCCTTGGAGCTGGAGGACTCGGCCCTGTATCTCTGTGCCAGCAGTTACGACGGGACAGGGAGAAATACGCAGTATTTTGGCCCA	CASSYDGTGRNTQYF	56	0.32429928	45	TCRBV05-08*01	TCRBV05	TCRBV05-08	01				TCRBD01-01*01	TCRBD01	TCRBD01-01	01				TCRBJ02-03*01	TCRBJ02	TCRBJ02-03	01				5	7	0	3	4	7	36	47	54	63	67	1	In	VDJ							0.00002656
CCCTCAGAACCCAGGGACTCAGCTGTGTACTTCTGTGCCAGCAGCCTGGGACTAGCGGGGGGGCTGTACGAGCAGTACTTCGGGCCG	CASSLGLAGGLYEQYF	56	0.32429928	48	TCRBV12	TCRBV12	unresolved			TCRBV12-03,TCRBV12-04		TCRBD02-01*01	TCRBD02	TCRBD02-01	01				TCRBJ02-07*01	TCRBJ02	TCRBJ02-07	01				6	3	0	0	3	4	33	44	47	63	66	1	In	VDJ							0.00002656
TGGAGCTTGGTGACTCTGCTGTGTATTTCTGTGCCAGCAGCTACACAGTTCCCATTTCCTTCCGACAATGAGCAGTTCTTCGGGCCA		56	0.32429928	52	TCRBV03	TCRBV03	unresolved			TCRBV03-01,TCRBV03-02		TCRBD01-01*01	TCRBD01	TCRBD01-01	01				TCRBJ02-01*01	TCRBJ02	TCRBJ02-01	01				5	3	3	5	16	5	29	41	44	48	64	1	Out	VDJ							0.00002656
ACCAGTGCCCATCCTGAAGACAGCAGCTTCTACATCTGCAGTGCAAGAGACACTCAAGGGGCTAACTATGGCTACACCTTCGGTTCG	CSARDTQGANYGYTF	55	0.31850822	45	TCRBV20	TCRBV20	unresolved			TCRBV20-01,TCRBV20-or09_02		TCRBD01-01*01	TCRBD01	TCRBD01-01	01				TCRBJ01-02*01	TCRBJ01	TCRBJ01-02	01				0	6	5	2	0	0	36	50	56	-1	61	2	In	VDJ							0.00002608
ATGAGCCCTGAAGACAGCAGCATATATCTCTGCAGCGTTCTGAAGAACTGCATACAAAGTCGGGCCAACGTCCTGACTTTCGGGGCC	CSVLKNCIQSRANVLTF	55	0.31850822	51	TCRBV29-01*01	TCRBV29	TCRBV29-01	01				unresolved		unresolved		TCRBD01,TCRBD02	TCRBD01-01,TCRBD02-01		TCRBJ02-06*01	TCRBJ02	TCRBJ02-06	01				5	14	3	6	5	5	30	39	53	56	61	1	In	VDJ							0.00002608
GTGACCAGTGCCCATCCTGAAGACAGCAGCTTCTACATCTGCAGTGCTAGTCGCCTAGCGGGGCACTACGAGCAGTACTTCGGGCCG	CSASRLAGHYEQYF	55	0.31850822	42	TCRBV20	TCRBV20	unresolved			TCRBV20-01,TCRBV20-or09_02		TCRBD02-01*01	TCRBD02	TCRBD02-01	01				TCRBJ02-07*01	TCRBJ02	TCRBJ02-07	01				3	4	4	3	2	3	39	50	54	63	65	1	In	VDJ							0.00002608
ACTCTGGAGTCAGCTACCCGCTCCCAGACATCTGTGTATTTCTGCGCCAGCAGTACTGGGACAGGCCTAGAGCAGTTCTTCGGGCCA	CASSTGTGLEQFF	54	0.31271716	39	TCRBV10-02*01	TCRBV10	TCRBV10-02	01				TCRBD01-01*01	TCRBD01	TCRBD01-01	01				TCRBJ02-01*01	TCRBJ02	TCRBJ02-01	01				5	3	0	4	4	10	42	54	57	65	69	1	In	VDJ							0.00002561
CAGAGCAGCGGGACTCGGCCATGTATCGCTGTGCCAGCAGCGTATCTCATGAATCTCGAAAGGACCTATGGCTACACCTTCGGTTCG		53	0.30692611	52	TCRBV07-06*01	TCRBV07	TCRBV07-06	01				unresolved		unresolved		TCRBD01,TCRBD02	TCRBD01-01,TCRBD02-01		TCRBJ01-02*01	TCRBJ01	TCRBJ01-02	01				5	20	1	7	0	4	29	41	61	-1	65	1	Out	VDJ							0.00002513
CTGGAGTCTGCTGCCTCCTCCCAGACATCTGTATATTTCTGCGCCAGCAGTGGATCGCGAAAGACCTATGGCTACACCTTCGGTTCG	CASSGSRKTYGYTF	52	0.30113505	42	TCRBV10-01	TCRBV10	TCRBV10-01				01,02	unresolved		unresolved		TCRBD01,TCRBD02	TCRBD01-01,TCRBD02-01		TCRBJ01-02*01	TCRBJ01	TCRBJ01-02	01				4	10	2	7	0	4	39	52	62	-1	65	1	In	VDJ							0.00002466
GAGCTGAATGTGAACGCCTTGTTGCTGGGGGACTCGGCCCTGTATCTCTGTGCCAGCAGGTCGAACTATGGCTACACCTTCGGTTCG	CASRSNYGYTF	52	0.30113505	33	TCRBV05-05*01	TCRBV05	TCRBV05-05	01				TCRBD02-01	TCRBD02	TCRBD02-01				01,02	TCRBJ01-02*01	TCRBJ01	TCRBJ01-02	01				5	2	8	6	0	2	48	59	61	-1	63	1	In	VDJ							0.00002466
GGAGTCTGCTGCCTCCTCCCAGACATCTGTATATTTCTGCGCCAGATTAGGGACAGGGCGAGCTCCTACGAGCAGTACTTCGGGCCG		52	0.30113505	44	TCRBV10-01	TCRBV10	TCRBV10-01				01,02	TCRBD01-01*01	TCRBD01	TCRBD01-01	01				TCRBJ02-07*01	TCRBJ02	TCRBJ02-07	01				9	4	0	3	4	0	37	45	49	58	62	1	Out	VDJ							0.00002466
ACAGAGCAGGGGGACTCGGCCATGTATCTCTGTGCCAGCAGCTTAGAGTACTGGGCCCTCTCCTACAATGAGCAGTTCTTCGGGCCA	CASSLEYWALSYNEQFF	51	0.29534399	51	TCRBV07-09	TCRBV07	TCRBV07-09				01,03	TCRBD01-01*01	TCRBD01	TCRBD01-01	01				TCRBJ02-01*01	TCRBJ02	TCRBJ02-01	01				1	6	8	0	3	0	30	46	52	56	59	1	In	VDJ							0.00002419
AGCAGCGGGACTCAGCCATGTATCGCTGTGCCAGCAGCAATACCCATAAGTGCCACAAGTCGGGCCAACGTCCTGACTTTCGGGGCC		51	0.29534399	55	TCRBV07-07*01	TCRBV07	TCRBV07-07	01				TCRBD01-01*01	TCRBD01	TCRBD01-01	01				TCRBJ02-06*01	TCRBJ02	TCRBJ02-06	01				5	16	3	6	4	5	26	38	54	57	61	1	Out	VDJ							0.00002419
TGACTGTGAGCAACATGAGCCCTGAAGACAGCAGCATATATCTCTGCAGCGTTGCGGGCATTGAACACTGAAGCTTTCTTTGGACAA		51	0.29534399	37	TCRBV29-01*01	TCRBV29	TCRBV29-01	01				unresolved		unresolved		TCRBD01,TCRBD02	TCRBD01-01,TCRBD02-01		TCRBJ01-01*01	TCRBJ01	TCRBJ01-01	01				4	1	8	0	2	0	44	54	55	59	61	1	Out	VDJ							0.00002419
TGAGCCCTGAAGACAGCAGCATATATCTCTGCAGCGTTTGTTCGGCACTAGCATACAAGTCGGGCCAACGTCCTGACTTTCGGGGCC		51	0.29534399	52	TCRBV29-01*01	TCRBV29	TCRBV29-01	01				TCRBD02-01	TCRBD02	TCRBD02-01				01,02	TCRBJ02-06*01	TCRBJ02	TCRBJ02-06	01				5	8	3	7	9	5	29	38	46	52	61	1	Out	VDJ							0.00002419
GTGAGCACCTTGGAGCTGGGGGACTCGGCCCTTTATCTTTGCGCCAGCAGCTTGGGGATGTTGGGCCAGCCCCAGCATTTTGGTGAT	CASSLGMLGQPQHF	50	0.28955293	42	TCRBV05-01*01	TCRBV05	TCRBV05-01	01				TCRBD01-01*01	TCRBD01	TCRBD01-01	01				TCRBJ01-05*01	TCRBJ01	TCRBJ01-05	01				0	7	8	0	0	7	39	55	62	-1	66	1	In	VDJ							0.00002371
CCCTGGAGCTTGGTGACTCTGCTGTGTATTTCTGTGCCAGCAGCCGATTACATCCATTTCGTGTTAGACGAGCAGTACTTCGGGCCG		49	0.28376187	49	TCRBV03	TCRBV03	unresolved			TCRBV03-01,TCRBV03-02		unresolved		unresolved		TCRBD01,TCRBD02	TCRBD01-01,TCRBD02-01		TCRBJ02-07*01	TCRBJ02	TCRBJ02-07	01				4	4	3	6	15	5	32	45	49	52	67	1	Out	VDJ							0.00002324
TGTGAGCACCTTGGAGCTGGGGGACTCGGCCCTTTATCTTTGCGCCAGCAGCTCCCATTACATCCGGGTGGCTACACCTTCGGTTCG		49	0.28376187	41	TCRBV05-01*01	TCRBV05	TCRBV05-01	01				TCRBD02-01	TCRBD02	TCRBD02-01				01,02	TCRBJ01-02*01	TCRBJ01	TCRBJ01-02	01				3	11	8	4	0	7	40	53	64	-1	68	1	Out	VDJ							0.00002324
ATCCAGCGCACAGAGCAGGGGGACTCAGCTGTGTATCTCTGTGCCAGCAGCTTTCGGACAGGGATTGAAAAACTGTTTTTTGGCAGT	CASSFRTGIEKLFF	48	0.27797081	42	TCRBV07-04*01	TCRBV07	TCRBV07-04	01				TCRBD01-01*01	TCRBD01	TCRBD01-01	01				TCRBJ01-04*01	TCRBJ01	TCRBJ01-04	01				3	2	1	3	2	7	39	53	55	63	65	1	In	VDJ							0.00002276
ACCAGTGCCCATCCTGAAGACAGCAGCTTCTACATCTGCAGTGCTAGAGACAGGGAGGACGCTAACTATGGCTACACCTTCGGTTCG	CSARDREDANYGYTF	47	0.27217975	45	TCRBV20	TCRBV20	unresolved			TCRBV20-01,TCRBV20-or09_02		TCRBD02-01*02	TCRBD02	TCRBD02-01	02				TCRBJ01-02*01	TCRBJ01	TCRBJ01-02	01				0	2	9	1	3	0	36	50	52	58	61	1	In	VDJ							0.00002229
CCCTGGAGCTTGGTGACTCTGCTGTGTATTTCTGTGCCAGCAGCTCGATTATTCCCATTCGTGTTAGACGAGCAGTACTTCGGGCCG		47	0.27217975	49	TCRBV03	TCRBV03	unresolved			TCRBV03-01,TCRBV03-02		TCRBD02-01	TCRBD02	TCRBD02-01				01,02	TCRBJ02-07*01	TCRBJ02	TCRBJ02-07	01				5	20	5	8	0	5	32	44	64	-1	67	1	Out	VDJ							0.00002229
CTACAGCAAGAAGACTCAGCTGCGTATCTCTGCACCAGCAGACGGCGTGGTTTGTGCACTCGGGCCAACGTCCTGACTTTCGGGGCC	CTSRRRGLCTRANVLTF	47	0.27217975	51	TCRBV01-01*01	TCRBV01	TCRBV01-01	01				unresolved		unresolved		TCRBD01,TCRBD02	TCRBD01-01,TCRBD02-01		TCRBJ02-06*01	TCRBJ02	TCRBJ02-06	01				6	2	9	0	15	5	30	41	43	46	61	1	In	VDJ							0.00002229
TGGAGCTTGGTGACTCTGCTGTGTATTTCTGTGCCAGCAGCATACTTTCTCCCATTTTTGCATCATCAGCCCCAGCATTTTGGTGAT		47	0.27217975	52	TCRBV03	TCRBV03	unresolved			TCRBV03-01,TCRBV03-02		TCRBD02-01	TCRBD02	TCRBD02-01				01,02	TCRBJ01-05*01	TCRBJ01	TCRBJ01-05	01				5	2	3	10	18	5	29	41	43	46	64	1	Out	VDJ							0.00002229
GCCTTGTTGCTGGGGGACTCGGCCCTGTATCTCTGTGCCAGCAGCATAAACTTGGGACAGGTAGAAGAGACCCAGTACTTCGGGCCA	CASSINLGQVEETQYF	46	0.2663887	48	TCRBV05-05*01	TCRBV05	TCRBV05-05	01				TCRBD01-01*01	TCRBD01	TCRBD01-01	01				TCRBJ02-05*01	TCRBJ02	TCRBJ02-05	01				4	8	0	4	3	3	33	45	53	61	64	1	In	VDJ							0.00002181
AGTCAGCTGCTCCCTCCCAGACATCTGTATACTTCTGTGCCAGCAGTGGAAATGTACGGAAAGACCTATGGCTACACCTTCGGTTCG		45	0.26059764	46	TCRBV06-09*01	TCRBV06	TCRBV06-09	01				unresolved		unresolved		TCRBD01,TCRBD02	TCRBD01-01,TCRBD02-01		TCRBJ01-02*01	TCRBJ01	TCRBJ01-02	01				5	0	1	8	15	4	35	-1	47	50	65	1	Out	VDJ							0.00002134
AGTGCCCATCCTGAAGACAGCAGCTTCTACATCTGCAGTGCTAGTGGGGACAGGGGCAGGAGCTACAATGAGCAGTTCTTCGGGCCA	CSASGDRGRSYNEQFF	45	0.26059764	48	TCRBV20	TCRBV20	unresolved			TCRBV20-01,TCRBV20-or09_02		TCRBD01-01*01	TCRBD01	TCRBD01-01	01				TCRBJ02-01*01	TCRBJ02	TCRBJ02-01	01				3	2	0	2	6	3	33	44	46	56	62	2	In	VDJ							0.00002134
ATCCAGCGCACAGAGCAGGGGGACTCGGCCATGTATCTCTGTGCCAGCAGCTTAGGGACAGCGGCCTACGAGCAGTACTTCGGGCCG	CASSLGTAAYEQYF	45	0.26059764	42	TCRBV07-09	TCRBV07	TCRBV07-09				01,03	TCRBD01-01*01	TCRBD01	TCRBD01-01	01				TCRBJ02-07*01	TCRBJ02	TCRBJ02-07	01				1	0	1	5	3	2	39	-1	55	61	64	1	In	VDJ							0.00002134
CGCACAGAGCAGGGGGACTCAGCCGCGTATCTCCGTGCCAGCAGCTTCCCCTAGCGGGGGGACACAGATACGCAGTATTTTGGCCCA	RASSFP*RGDTDTQYF	45	0.26059764	48	TCRBV07-03*03	TCRBV07	TCRBV07-03	03				TCRBD02-01*01	TCRBD02	TCRBD02-01	01				TCRBJ02-03*01	TCRBJ02	TCRBJ02-03	01				3	3	4	1	1	2	33	47	50	61	62	2	Stop	VDJ							0.00002134
CTGAAATCTGCAACTCCCTTTCAGGTGTCCCTGTGTCCTTGTACCTGAGGTGAACAAAGTCGGGCCAACGTCCTGACTTTCGGGGCC	CPCT*GEQSRANVLTF	45	0.26059764	48	TCRBVA-or09_02*01	TCRBVA	TCRBVA-or09_02	01				TCRBD02-01*02	TCRBD02	TCRBD02-01	02				TCRBJ02-06*01	TCRBJ02	TCRBJ02-06	01				10	4	11	1	11	5	33	42	46	50	61	1	Stop	VDJ							0.00002134
GAGCAGGGGGACTCAGCTGTGTATCTCTGTGCCAGCAGCGGTCATACCAGCTCACAAAGTCGGGCCAACGTCCTGACTTTCGGGGCC	CASSGHTSSQSRANVLTF	45	0.26059764	54	TCRBV07-04*01	TCRBV07	TCRBV07-04	01				unresolved		unresolved		TCRBD01,TCRBD02	TCRBD01-01,TCRBD02-01		TCRBJ02-06*01	TCRBJ02	TCRBJ02-06	01				5	14	3	6	5	5	27	39	53	56	61	1	In	VDJ							0.00002134
CTGCTGTCGGCTGCTCCCTCCCAGACATCTGTGTACTTCTGTGCCGCCAGCAGGAGCATCACCTACAATGAGCAGTTCTTCGGGCCA	CAASRSITYNEQFF	44	0.25480658	42	TCRBV06-05*01	TCRBV06	TCRBV06-05	01				unresolved		unresolved		TCRBD01,TCRBD02	TCRBD01-01,TCRBD02-01		TCRBJ02-01*01	TCRBJ02	TCRBJ02-01	01				11	5	4	4	7	2	39	45	50	54	61	1	In	VDJ							0.00002087
CTGGAGTCCGCTACCAGCTCCCAGACATCTGTGTACTTCTGTGCCACCCTCCGGGACAGGAGCATTTTTGAGCAGTTCTTCGGGCCA	CATLRDRSIFEQFF	44	0.25480658	42	TCRBV10-03*01	TCRBV10	TCRBV10-03	01				TCRBD01-01*01	TCRBD01	TCRBD01-01	01				TCRBJ02-01*01	TCRBJ02	TCRBJ02-01	01				10	6	0	4	8	9	39	46	52	60	68	1	In	VDJ							0.00002087
GAGCAGGGGGACTCAGCTGTGTATCTCTGTGCCAGCAGCTTAGGGCGACAGGCGCCTGATAAAGATCAGCCCCAGCATTTTGGTGAT	CASSLGRQAPDKDQPQHF	44	0.25480658	54	TCRBV07-04*01	TCRBV07	TCRBV07-04	01				TCRBD01-01*01	TCRBD01	TCRBD01-01	01				TCRBJ01-05*01	TCRBJ01	TCRBJ01-05	01				1	3	2	4	12	5	27	43	46	52	64	1	In	VDJ							0.00002087
ACTCTGAAGATCCAGCCCTCAGAACCCAGGGACTCAGCTGTGTACTTCTGTGCCAGCAGTTTAGTTAGTGGCGCTTTCTTTGGACAA	CASSLVSGAFF	43	0.24901552	33	TCRBV12	TCRBV12	unresolved			TCRBV12-03,TCRBV12-04		unresolved		unresolved		TCRBD01,TCRBD02	TCRBD01-01,TCRBD02-01		TCRBJ01-01*01	TCRBJ01	TCRBJ01-01	01				1	5	9	0	0	11	48	64	69	-1	72	1	In	VDJ							0.00002039
GCCTTGGAGCTGGACGACTCGGCCCTGTATCTCTGTGCCAGCAGTCCAGCCAGGGTAGGTAGGAACACTGAAGCTTTCTTTGGACAA	CASSPARVGRNTEAFF	43	0.24901552	48	TCRBV05-04*01	TCRBV05	TCRBV05-04	01				TCRBD01-01*01	TCRBD01	TCRBD01-01	01				TCRBJ01-01*01	TCRBJ01	TCRBJ01-01	01				5	6	4	3	7	1	33	44	50	55	62	1	In	VDJ							0.00002039
AATGTGAGCACCTTGGAGCTGGGGGACTCGGCCCTTTATCTTTGCGCCAGCAGGACTAGGTCCTTCAATGAGCAGTTCTTCGGGCCA	CASRTRSFNEQFF	42	0.24322446	39	TCRBV05-01*01	TCRBV05	TCRBV05-01	01				TCRBD02-01	TCRBD02	TCRBD02-01				01,02	TCRBJ02-01*01	TCRBJ02	TCRBJ02-01	01				5	0	2	8	6	6	42	-1	53	59	65	1	In	VDJ							0.00001992
GAGGAGATTCGGCAGCTTATTTCTGTGCCAGCTCACAATGAAGGGGACATTTAACAAAGTCGGGCCAACGTCCTGACTTTCGGGGCC		42	0.24322446	58	TCRBV18-01*01	TCRBV18	TCRBV18-01	01				TCRBD01-01*01	TCRBD01	TCRBD01-01	01				TCRBJ02-06*01	TCRBJ02	TCRBJ02-06	01				4	7	0	6	12	5	23	36	43	49	61	1	Out	VDJ							0.00001992
GCCTGCAGAACTGGAGGATTCTGGAGTTTATTTCTGTGCCAGCAGCCAAGTCTAGCGGGGGAGGAAGAGACCCAGTACTTCGGGCCA		42	0.24322446	47	TCRBV14-01*01	TCRBV14	TCRBV14-01	01				TCRBD02-01*01	TCRBD02	TCRBD02-01	01				TCRBJ02-05*01	TCRBJ02	TCRBJ02-05	01				1	1	4	2	3	3	34	50	51	61	64	1	Out	VDJ							0.00001992
GTCGCACTGCAGCAAGAAGACTCAGCTGCGTATCTCTGCACCAGCAGCCAAGCCGGGGGGCTCCCCTACGAGCAGTACTTCGGGCCG	CTSSQAGGLPYEQYF	42	0.24322446	45	TCRBV01-01*01	TCRBV01	TCRBV01-01	01				TCRBD02-01*01	TCRBD02	TCRBD02-01	01				TCRBJ02-07*01	TCRBJ02	TCRBJ02-07	01				1	1	8	1	4	2	36	52	53	60	64	1	In	VDJ							0.00001992
TCAGGCTGGAGTCAGCTGCTCCCTCCCAGACATCTGTATACTTCTGTGCCAGCAGATAGGGCAGGGAAAGGCTACACCTTCGGTTCG		42	0.24322446	37	TCRBV06-09*01	TCRBV06	TCRBV06-09	01				TCRBD01-01*01	TCRBD01	TCRBD01-01	01				TCRBJ01-02*01	TCRBJ01	TCRBJ01-02	01				6	6	4	3	3	8	44	55	61	66	69	1	Out	VDJ							0.00001992
AGACATCTGTGTACTTCTGTGCCAGCAGTTACGTCCCTGGTGTGGACTAGCGGGGGGCCTGGACAAGAGACCCAGTACTTCGGGCCA		41	0.2374334	64	TCRBV06	TCRBV06	unresolved			TCRBV06-05,TCRBV06-06		TCRBD02-01*01	TCRBD02	TCRBD02-01	01				TCRBJ02-05*01	TCRBJ02	TCRBJ02-05	01				2	11	1	1	6	2	17	32	43	57	63	1	Out	VDJ							0.00001944
CGCACACAGCAGGAGGACTCGGCCGTGTATCTCTGTGCCAGCAGCTTAGTTTCAACTAGCATCACAGATACGCAGTATTTTGGCCCA	CASSLVSTSITDTQYF	41	0.2374334	48	TCRBV07-02*01	TCRBV07	TCRBV07-02	01				TCRBD02-01	TCRBD02	TCRBD02-01				01,02	TCRBJ02-03*01	TCRBJ02	TCRBJ02-03	01				1	5	3	7	2	2	33	49	54	60	62	1	In	VDJ							0.00001944
GGAGTCAGGGGACACAGCACTGTATTTCTGTGCCAGCAGATATAGATTGGCTACAAGGTGCATAATGAAAAACTGTTTTTTGGCAGT		41	0.2374334	53	TCRBV21-01*01	TCRBV21	TCRBV21-01	01				unresolved		unresolved		TCRBD01,TCRBD02	TCRBD01-01,TCRBD02-01		TCRBJ01-04*01	TCRBJ01	TCRBJ01-04	01				6	13	3	6	7	4	28	39	52	55	62	1	Out	VDJ							0.00001944
TCAGAACCCAGGGACTCAGCTGTGTACTTCTGTGCCAGCAGTTTAGCCTTAGCGGGGGGTTTGCCTCGAGAGCAGTACTTCGGGCCG	CASSLALAGGLPREQYF	41	0.2374334	51	TCRBV12	TCRBV12	unresolved			TCRBV12-03,TCRBV12-04		TCRBD02-01*01	TCRBD02	TCRBD02-01	01				TCRBJ02-07*01	TCRBJ02	TCRBJ02-07	01				0	2	5	1	10	7	30	47	49	59	69	1	In	VDJ							0.00001944
GACCAGTGCCCATCCTGAAGACAGCAGCTTCTACATCTGCAGTGCTAGGGGTGTTAGCGGGGTGGGAATGAGCAGTTCTTCGGGCCA		40	0.23164234	44	TCRBV20	TCRBV20	unresolved			TCRBV20-01,TCRBV20-or09_02		TCRBD02-01*01	TCRBD02	TCRBD02-01	01				TCRBJ02-01*01	TCRBJ02	TCRBJ02-01	01				3	6	5	3	4	7	37	48	54	62	66	1	Out	VDJ							0.00001897
TCGGCTGCTCCCTCCCAAACATCTGTGTACTTCTGTGCCAGCAGCCACCGGGACTCCCCCCTGGGGAACGAGCAGTTCTTCGGGCCA	CASSHRDSPLGNEQFF	40	0.23164234	48	TCRBV06	TCRBV06	unresolved			TCRBV06-02,TCRBV06-03		TCRBD02-01	TCRBD02	TCRBD02-01				01,02	TCRBJ02-01*01	TCRBJ02	TCRBJ02-01	01				6	5	0	10	14	10	33	44	49	55	69	1	In	VDJ							0.00001897
CTAGAGTCTGCCATCCCCAACCAGACAGCTCTTTACTTCTGTGCCACCAGTGACCCTCACACGGGCGGGGAGCTGTTTTTTGGAGAA	CATSDPHTGGELFF	39	0.22585129	42	TCRBV24	TCRBV24	unresolved			TCRBV24-01,TCRBV24-or09_02		TCRBD02-01	TCRBD02	TCRBD02-01				01,02	TCRBJ02-02*01	TCRBJ02	TCRBJ02-02	01				4	8	8	4	0	7	39	53	61	-1	65	1	In	VDJ							0.0000185
TTGGCGTCTGCTGTACCCTCTCAGACATCTGTGTACTTCTGTGCCAGCAGTGACTTTTCAGTGAACACTGAAGCTTTCTTTGGACAA	CASSDFSVNTEAFF	39	0.22585129	42	TCRBV06-04	TCRBV06	TCRBV06-04				01,02	TCRBD01-01*01	TCRBD01	TCRBD01-01	01				TCRBJ01-01*01	TCRBJ01	TCRBJ01-01	01				1	3	4	5	0	0	39	55	58	-1	61	1	In	VDJ							0.0000185
CAGAGCGGGGGGACTCAGCCGTGTATCTCTGTGCCAGCAGCTGTCCAAGAGACCGCTTGAAAGACCTATGGCTACACCTTCGGTTCG		38	0.22006023	52	TCRBV07-03*01	TCRBV07	TCRBV07-03	01				unresolved		unresolved		TCRBD01,TCRBD02	TCRBD01-01,TCRBD02-01		TCRBJ01-02*01	TCRBJ01	TCRBJ01-02	01				4	8	2	7	12	4	29	42	50	53	65	1	Out	VDJ							0.00001802
CCTGGAGCTTGGTGACTCTGCTGTGTATTTCTGTGCCAGCAGCCTCCATGCTTCCATTTCGTGTTAGACGAGCAGTACTTCGGGCCG		38	0.22006023	50	TCRBV03	TCRBV03	unresolved			TCRBV03-01,TCRBV03-02		TCRBD02-01	TCRBD02	TCRBD02-01				01,02	TCRBJ02-07*01	TCRBJ02	TCRBJ02-07	01				4	20	5	8	0	5	31	44	64	-1	67	1	Out	VDJ							0.00001802
CTGGAGTCGCCCAGCCCCAACCAGACCTCTCTGTACTTCTGTGCCAGCAGTTTTGGAGGGACCCCGGGGGAGCAGTTCTTCGGGCCA	CASSFGGTPGEQFF	38	0.22006023	42	TCRBV27-01*01	TCRBV27	TCRBV27-01	01				TCRBD02-01*02	TCRBD02	TCRBD02-01	02				TCRBJ02-01*01	TCRBJ02	TCRBJ02-01	01				3	1	10	0	9	10	39	53	54	60	69	1	In	VDJ							0.00001802
AGAAGCTCCTCCTCAGTGACTCTGGCTTCTATCTCTGTGCCTGGAGCCATACTTTAAACAGGAGAGACTGAAGCTTTCTTTGGACAA		36	0.20847811	46	TCRBV30-01*02	TCRBV30	TCRBV30-01	02				TCRBD01-01*01	TCRBD01	TCRBD01-01	01				TCRBJ01-01*01	TCRBJ01	TCRBJ01-01	01				3	11	3	4	4	5	35	46	57	62	66	1	Out	VDJ							0.00001707
AGCACCTTGGAGCTGGGGGACTCGGCCCTTTATCTTTGCGCCAGCACCGCCCTGGCAGATGCTCCCTTTGAAGCTTTCTTTGGACAA	CASTALADAPFEAFF	35	0.20268705	45	TCRBV05-01*01	TCRBV05	TCRBV05-01	01				TCRBD01-01*01	TCRBD01	TCRBD01-01	01				TCRBJ01-01*01	TCRBJ01	TCRBJ01-01	01				6	9	4	5	10	7	36	46	55	58	68	1	In	VDJ							0.0000166
ATCCAACCTGCAAAGCTTGAGGACTCGGCCGTGTATCTCTGTGCCAGCAGCCGTCCCACAGAGCTCAATGAGCAGTTCTTCGGGCCA	CASSRPTELNEQFF	35	0.20268705	42	TCRBV11-02*02	TCRBV11	TCRBV11-02	02				TCRBD01-01*01	TCRBD01	TCRBD01-01	01				TCRBJ02-01*01	TCRBJ02	TCRBJ02-01	01				5	6	3	5	4	6	39	51	57	61	65	2	In	VDJ							0.0000166
CTGACAGTGACCAGTGCCCATCCTGAAGACAGCAGCTTCTACATCTGCAGTGCTAGTAACAGCGATCAGCCCCAGCATTTTGGTGAT	CSASNSDQPQHF	35	0.20268705	36	TCRBV20	TCRBV20	unresolved			TCRBV20-01,TCRBV20-or09_02		unresolved		unresolved		TCRBD01,TCRBD02	TCRBD01-01,TCRBD02-01		TCRBJ01-05*01	TCRBJ01	TCRBJ01-05	01				3	2	3	5	2	5	45	56	58	62	64	1	In	VDJ							0.0000166
TGCCAGGCCCTCACATACCTCTCAGTACCCCTGTGCCAGCAGTTAGTGCTAAGAATGGGAAAGACCTATGGCTACACCTTCGGTTCG		35	0.20268705	50	TCRBV25-01*01	TCRBV25	TCRBV25-01	01				unresolved		unresolved		TCRBD01,TCRBD02	TCRBD01-01,TCRBD02-01		TCRBJ01-02*01	TCRBJ01	TCRBJ01-02	01				5	13	0	8	5	4	31	43	56	60	65	1	Out	VDJ							0.0000166
AATGTGAGCACCTTGGAGCTGGGGGACTCGGCCCTTTATCTTTGCGCCAGCAGCTTGGCATATAACACTGAAGCTTTCTTTGGACAA	CASSLAYNTEAFF	34	0.19689599	39	TCRBV05-01*01	TCRBV05	TCRBV05-01	01				unresolved		unresolved		TCRBD01,TCRBD02	TCRBD01-01,TCRBD02-01		TCRBJ01-01*01	TCRBJ01	TCRBJ01-01	01				0	0	4	6	3	2	42	-1	58	60	63	1	In	VDJ							0.00001612
GACCAGTGCCCATCCTGAAGACAGCAGCTTCTACATCTGCAGTGCTAGAATGGGCTACAGGCCTTAGATGGCTACACCTTCGGTTCG		34	0.19689599	44	TCRBV20	TCRBV20	unresolved			TCRBV20-01,TCRBV20-or09_02		TCRBD01-01*01	TCRBD01	TCRBD01-01	01				TCRBJ01-02*01	TCRBJ01	TCRBJ01-02	01				2	7	3	4	6	6	37	49	56	61	67	1	Out	VDJ							0.00001612
AAGATCCAGCCCTCAGAACCCAGGGACTCAGCTGTGTACTTCTGTGCCAGCAGTACCGGACAGGGTGGAACCCAGTACTTCGGGCCA	CASSTGQGGTQYF	33	0.19110493	39	TCRBV12	TCRBV12	unresolved			TCRBV12-03,TCRBV12-04		TCRBD01-01*01	TCRBD01	TCRBD01-01	01				TCRBJ02-05*01	TCRBJ02	TCRBJ02-05	01				5	3	1	3	4	8	42	54	57	65	69	1	In	VDJ							0.00001565
CAGCGCACACAGCAGGAGGACTCCGCCGTGTATCTCTGTGCCAGCAGCCCCTCCGGGACAGGGACCTACGAGCAGTACTTCGGGCCG	CASSPSGTGTYEQYF	33	0.19110493	45	TCRBV07-08*01	TCRBV07	TCRBV07-08	01				TCRBD01-01*01	TCRBD01	TCRBD01-01	01				TCRBJ02-07*01	TCRBJ02	TCRBJ02-07	01				5	6	0	3	1	2	36	48	54	63	64	1	In	VDJ							0.00001565
CCCTCAGAACCCAGGGACTCAGCTGTGTACTTCTGTGCCAGCACTCATTCCCTCCTCAGGAATACAAAGGGGGCTTTCTTTGGACAA	CASTHSLLRNTKGAFF	33	0.19110493	48	TCRBV12	TCRBV12	unresolved			TCRBV12-03,TCRBV12-04		TCRBD01-01*01	TCRBD01	TCRBD01-01	01				TCRBJ01-01*01	TCRBJ01	TCRBJ01-01	01				7	24	5	2	0	11	33	43	67	-1	72	1	In	VDJ							0.00001565
CGAGGAGATTCGGCAGCTTATTTCTGTGCCAGCTCACCAAGTTTGTTCGGGGGCCGATCATTACCCTACGAGCAGTACTTCGGGCCG	CASSPSLFGGRSLPYEQYF	33	0.19110493	57	TCRBV18-01*01	TCRBV18	TCRBV18-01	01				unresolved		unresolved		TCRBD01,TCRBD02	TCRBD01-01,TCRBD02-01		TCRBJ02-07*01	TCRBJ02	TCRBJ02-07	01				2	9	6	0	10	2	24	39	48	54	64	1	In	VDJ							0.00001565
GTGACATCGGCCCAAAAGAACCCGACAGCTTTCTATCTCTGTGCCAGCAGTAGGGGTAGTTTTTCCTACGAGCAGTACTTCGGGCCG	CASSRGSFSYEQYF	33	0.19110493	42	TCRBV19-01	TCRBV19	TCRBV19-01				01,02	unresolved		unresolved		TCRBD01,TCRBD02	TCRBD01-01,TCRBD02-01		TCRBJ02-07*01	TCRBJ02	TCRBJ02-07	01				4	0	6	2	7	1	39	-1	52	56	63	1	In	VDJ							0.00001565
TCTAAGAAGCTCCTTCTCAGTGACTCTGGCTTCTATCTCTGTGCCTGGAGTGTGAGTGGAAGCAATCAGCCCCAGCATTTTGGTGAT	CAWSVSGSNQPQHF	33	0.19110493	42	TCRBV30-01*01	TCRBV30	TCRBV30-01	01				unresolved		unresolved		TCRBD01,TCRBD02	TCRBD01-01,TCRBD02-01		TCRBJ01-05*01	TCRBJ01	TCRBJ01-05	01				0	4	1	8	0	1	39	53	57	-1	60	1	In	VDJ							0.00001565
TCTCTGGAGCTGGGGGACTCAGCTTTGTATTTCTGTGCCAGCAGCATTACTACCGGGACAGGGATTTATGGCTACACCTTCGGTTCG	CASSITTGTGIYGYTF	33	0.19110493	48	TCRBV09-01	TCRBV09	TCRBV09-01				01,02	TCRBD01-01*01	TCRBD01	TCRBD01-01	01				TCRBJ01-02*01	TCRBJ01	TCRBJ01-02	01				4	9	0	3	3	5	33	45	54	63	66	1	In	VDJ							0.00001565
TGCTGTACCCTCTCAGACATCTGTGTACTTCTGTGCCAGCAGTTTTTTGGTCTCACACGGAAGACCTATGGCTACACCTTCGGTTCG		33	0.19110493	50	TCRBV06-04	TCRBV06	TCRBV06-04				01,02	unresolved		unresolved		TCRBD01,TCRBD02	TCRBD01-01,TCRBD02-01		TCRBJ01-02*01	TCRBJ01	TCRBJ01-02	01				5	15	1	8	4	4	31	43	58	61	65	1	Out	VDJ							0.00001565
AAGATCCAACCTGCAAAGCTTGAGGACTCGGCCGTGTATCTCTGTGCCAGCAGCTCGAAGGGGGACACTGAAGCTTTCTTTGGACAA	CASSSKGDTEAFF	32	0.18531388	39	TCRBV11-02*02	TCRBV11	TCRBV11-02	02				TCRBD01-01*01	TCRBD01	TCRBD01-01	01				TCRBJ01-01*01	TCRBJ01	TCRBJ01-01	01				4	3	5	1	0	3	42	55	58	-1	64	1	In	VDJ							0.00001518
CTACACGCCCTGCAGCCAGAAGACTCAGCCCTGTATCTCTGCGCCAGCAGCCAATGGTCGGGTAACTATGGCTACACCTTCGGTTCG	CASSQWSGNYGYTF	32	0.18531388	42	TCRBV04-01*01	TCRBV04	TCRBV04-01	01				TCRBD02-01	TCRBD02	TCRBD02-01				01,02	TCRBJ01-02*01	TCRBJ01	TCRBJ01-02	01				2	4	8	4	0	1	39	54	58	-1	62	1	In	VDJ							0.00001518
AGCAACATGAGCCCTGAAGACAGCAGCATATATCTCTGCAGCTCTCGGACTAGCGGGGGGGCGACAGATACGCAGTATTTTGGCCCA	CSSRTSGGATDTQYF	31	0.17952282	45	TCRBV29-01*01	TCRBV29	TCRBV29-01	01				TCRBD02-01*01	TCRBD02	TCRBD02-01	01				TCRBJ02-03*01	TCRBJ02	TCRBJ02-03	01				8	4	1	0	2	3	36	42	46	61	63	1	In	VDJ							0.0000147
GGAGCTTGGTGACTCTGCTGTGTATTTCTGTGCCAGCAGCGGTCGTGTTCCATTTCAGGCTTGACCGGGGAGCTGTTTTTTGGAGAA		31	0.17952282	53	TCRBV03	TCRBV03	unresolved			TCRBV03-01,TCRBV03-02		TCRBD01-01*01	TCRBD01	TCRBD01-01	01				TCRBJ02-02*01	TCRBJ02	TCRBJ02-02	01				5	15	4	4	4	5	28	40	55	59	63	1	Out	VDJ							0.0000147
TGGAGCTTGGTGACTCTGCTGTGTATTTCTGTGCCAGCAGCCCCCATGGTCCCATTTTGGCATCATCAGCCCCAGCATTTTGGTGAT		31	0.17952282	52	TCRBV03	TCRBV03	unresolved			TCRBV03-01,TCRBV03-02		TCRBD01-01*01	TCRBD01	TCRBD01-01	01				TCRBJ01-05*01	TCRBJ01	TCRBJ01-05	01				4	16	9	0	3	5	29	42	58	61	64	1	Out	VDJ							0.0000147
ACTGTGAGCAACATGAGCCCTGAAGACAGCAGCATATATCTCTGCAGCGTTTCGGGACTTTCAGGGAACATTCAGTACTTCGGCGCC	CSVSGLSGNIQYF	30	0.17373176	39	TCRBV29-01*01	TCRBV29	TCRBV29-01	01				TCRBD02-01	TCRBD02	TCRBD02-01				01,02	TCRBJ02-04*01	TCRBJ02	TCRBJ02-04	01				5	2	0	10	7	7	42	51	53	59	66	1	In	VDJ							0.00001423
CCACGGAGTCAGGGGACACAGCGCTGTATTTCTGTGCCAGCAGATGAGGGTTAGCTAACAATTCGCACTGAAGCTTTCTTTGGACAA		29	0.1679407	49	TCRBV21-01*01	TCRBV21	TCRBV21-01	01				TCRBD02-01*02	TCRBD02	TCRBD02-01	02				TCRBJ01-01*01	TCRBJ01	TCRBJ01-01	01				6	2	11	0	15	4	32	43	45	50	65	1	Out	VDJ							0.00001375
TCGGCCCAAAAGAACCCGACAGCTTTCTATCTCTGTGCCAGTAGTACTCTGCGGACAGGAGGGGGCTATGGCTACACCTTCGGTTCG	CASSTLRTGGGYGYTF	29	0.1679407	48	TCRBV19-01	TCRBV19	TCRBV19-01				01,02	TCRBD01-01*01	TCRBD01	TCRBD01-01	01				TCRBJ01-02*01	TCRBJ01	TCRBJ01-02	01				4	6	1	4	6	4	33	46	52	59	65	1	In	VDJ							0.00001375
AACCCAGGGACTTGGGCCTATATTTCTGTGCCAGCAGCTTTGGGGCGGGGGGTTTCTACTGACACAGATACGCAGTATTTTGGCCCA		28	0.16214964	55	TCRBV12-01*01	TCRBV12	TCRBV12-01	01				TCRBD02-01*01	TCRBD02	TCRBD02-01	01				TCRBJ02-03*01	TCRBJ02	TCRBJ02-03	01				1	2	7	1	10	2	26	42	44	52	62	1	Out	VDJ							0.00001328
ATCCAGCCCTCAGAACCCAGGGACTCAGCTGTGTACTTCTGTGCCAGCAGCTCCAGGCCACTTAACTATGGCTACACCTTCGGTTCG	CASSSRPLNYGYTF	28	0.16214964	42	TCRBV12	TCRBV12	unresolved			TCRBV12-03,TCRBV12-04		TCRBD01-01*01	TCRBD01	TCRBD01-01	01				TCRBJ01-02*01	TCRBJ01	TCRBJ01-02	01				6	3	4	4	5	1	39	50	53	57	62	1	In	VDJ							0.00001328
GAGCTGGGGGACTCGGCCCTTTATCTTTGCGCCAGCAGCCTCTCCGGGACAGGTAGCGGATTGTGGGAAAAACTGTTTTTTGGCAGT	CASSLSGTGSGLWEKLFF	28	0.16214964	54	TCRBV05-01*01	TCRBV05	TCRBV05-01	01				TCRBD01-01*01	TCRBD01	TCRBD01-01	01				TCRBJ01-04*01	TCRBJ01	TCRBJ01-04	01				4	6	0	4	13	8	27	39	45	53	66	1	In	VDJ							0.00001328
GCCTTGGAGCTGGACGACTCGGCCCTGTATCTCTGTGCCAGCATAAATCCCATACCAGGAAAGACCTATGGCTACACCTTCGGTTCG	CASINPIPGKTYGYTF	28	0.16214964	48	TCRBV05-04*01	TCRBV05	TCRBV05-04	01				TCRBD01-01*01	TCRBD01	TCRBD01-01	01				TCRBJ01-02*01	TCRBJ01	TCRBJ01-02	01				6	12	4	4	6	4	33	43	55	59	65	1	In	VDJ							0.00001328
GGCTGCTGTCGGCTGCTCCCTCCCAGACATCTGTGTACTTCTGTGCCAGCAGTTACTCGAAGATACTCCGAGCAGTACTTCGGGCCG		28	0.16214964	40	TCRBV06-05*01	TCRBV06	TCRBV06-05	01				TCRBD02-01	TCRBD02	TCRBD02-01				01,02	TCRBJ02-07*01	TCRBJ02	TCRBJ02-07	01				0	6	3	10	1	6	41	58	64	67	68	1	Out	VDJ							0.00001328
GAGCTAGGGGACTCAGCCCTGTATCTCTGTGCCAGCAATCGAAACCGGAGTACACAAAGTCGGGCCAACGTCCTGACTTTCGGGGCC	CASNRNRSTQSRANVLTF	27	0.15635858	54	TCRBV05-02*01	TCRBV05	TCRBV05-02	01				TCRBD02-01*02	TCRBD02	TCRBD02-01	02				TCRBJ02-06*01	TCRBJ02	TCRBJ02-06	01				5	8	10	2	11	5	27	38	46	50	61	1	In	VDJ							0.0000128
GTGAGCAACATGAGCCCTGAAGACAGCAGCATATATCTCTGCAGCGTTACACAGGGAGGTCTCAATCAGCCCCAGCATTTTGGTGAT	CSVTQGGLNQPQHF	27	0.15635858	42	TCRBV29-01*01	TCRBV29	TCRBV29-01	01				unresolved		unresolved		TCRBD01,TCRBD02	TCRBD01-01,TCRBD02-01		TCRBJ01-05*01	TCRBJ01	TCRBJ01-05	01				5	2	3	3	6	3	39	48	50	56	62	1	In	VDJ							0.0000128
CCTGCAAAGCTTGAGGACTCGGCCGTGTATCTCTGTGCCAGCAGCCCCCGCCGGGACCCCTCCTACAATGAGCAGTTCTTCGGGCCA	CASSPRRDPSYNEQFF	26	0.15056752	48	TCRBV11-02*02	TCRBV11	TCRBV11-02	02				unresolved		unresolved		TCRBD01,TCRBD02	TCRBD01-01,TCRBD02-01		TCRBJ02-01*01	TCRBJ02	TCRBJ02-01	01				5	7	0	7	2	0	33	45	52	57	59	1	In	VDJ							0.00001233
TTGTTGCTGGGGGACTCGGCCCTGTATCTCTGTGCCAGCAGCTCGCGGGGGGGCCCGATAGTCACAGATACGCAGTATTTTGGCCCA	CASSSRGGPIVTDTQYF	26	0.15056752	51	TCRBV05-05*01	TCRBV05	TCRBV05-05	01				TCRBD02-01*01	TCRBD02	TCRBD02-01	01				TCRBJ02-03*01	TCRBJ02	TCRBJ02-03	01				3	1	7	0	9	2	30	43	44	53	62	1	In	VDJ							0.00001233
AATGTGAGCACCTTGGAGCTGGGGGACTCGGCCCTTTATCTTTGCGCCAGCAGCTTGGTGGGGCGGGAGACCCAGTACTTCGGGCCA	CASSLVGRETQYF	25	0.14477647	39	TCRBV05-01*01	TCRBV05	TCRBV05-01	01				TCRBD01-01*01	TCRBD01	TCRBD01-01	01				TCRBJ02-05*01	TCRBJ02	TCRBJ02-05	01				0	1	7	0	2	5	42	58	59	64	66	1	In	VDJ							0.00001186
ACATCGGCCCAAAAGAACCCGACAGCTTTCTATCTCTGTGCCAGTAGTATAGATTCGAGCGGGGACAATGAGCAGTTCTTCGGGCCA	CASSIDSSGDNEQFF	25	0.14477647	45	TCRBV19-01	TCRBV19	TCRBV19-01				01,02	TCRBD02-01*01	TCRBD02	TCRBD02-01	01				TCRBJ02-01*01	TCRBJ02	TCRBJ02-01	01				0	4	6	3	0	5	36	53	57	-1	64	1	In	VDJ							0.00001186
ACTGTGAGCAACATGAGCCCTGAAGACAGCAGCATATATCTCTGCAGCGTATCACAGGGGGCTTACAATGAGCAGTTCTTCGGGCCA	CSVSQGAYNEQFF	25	0.14477647	39	TCRBV29-01*01	TCRBV29	TCRBV29-01	01				TCRBD01-01*01	TCRBD01	TCRBD01-01	01				TCRBJ02-01*01	TCRBJ02	TCRBJ02-01	01				6	3	3	0	1	4	42	50	53	62	63	1	In	VDJ							0.00001186
AGCAACATGAGCCCTGAAGACAGCAGCATATATCTCTGCAGCGTTGAGAAAGGGACAGGGTTGAACACTGAAGCTTTCTTTGGACAA	CSVEKGTGLNTEAFF	25	0.14477647	45	TCRBV29-01*01	TCRBV29	TCRBV29-01	01				TCRBD01-01*01	TCRBD01	TCRBD01-01	01				TCRBJ01-01*01	TCRBJ01	TCRBJ01-01	01				3	4	0	3	1	0	36	47	51	60	61	1	In	VDJ							0.00001186
ATCCCGCAGAGCCGAGGGACTCAGCCGTGTATCTCTACAGTAGCGAACCTTCTATCTGGAAAGACCTATGGCTACACCTTCGGTTCG		25	0.14477647	46	TCRBV17-01*01	TCRBV17	TCRBV17-01	01				unresolved		unresolved		TCRBD01,TCRBD02	TCRBD01-01,TCRBD02-01		TCRBJ01-02*01	TCRBJ01	TCRBJ01-02	01				4	12	1	8	5	4	35	45	57	60	65	1	Out	VDJ							0.00001186
AATGTGAGCACCTTGGAGCTGGGGGACTCGGCCCTTTATCTTTGCGCCAGCAGAGCCCGGACCAACACTGAAGCTTTCTTTGGACAA	CASRARTNTEAFF	24	0.13898541	39	TCRBV05-01*01	TCRBV05	TCRBV05-01	01				unresolved		unresolved		TCRBD01,TCRBD02	TCRBD01-01,TCRBD02-01		TCRBJ01-01*01	TCRBJ01	TCRBJ01-01	01				5	5	1	7	1	2	42	53	58	62	63	1	In	VDJ							0.00001138
AGGATCCAGCAGGTAGTGCGAGGAGATTCGGCAGCTTATTTCTGTGCCAGCTCACCCTGGACTAAAGAGACCCAGTACTTCGGGCCA	CASSPWTKETQYF	24	0.13898541	39	TCRBV18-01*01	TCRBV18	TCRBV18-01	01				TCRBD02-01	TCRBD02	TCRBD02-01				01,02	TCRBJ02-05*01	TCRBJ02	TCRBJ02-05	01				3	2	1	9	0	3	42	56	58	-1	64	1	In	VDJ							0.00001138
AGGCTGGAGTTGGCTGCTCCCTCCCAGACATCTGTGTACTTCTGTGCCAGCACCCTAGACAGACAAGAGACCCAGTACTTCGGGCCA	CASTLDRQETQYF	24	0.13898541	39	TCRBV06-06	TCRBV06	TCRBV06-06				01,02	TCRBD01-01*01	TCRBD01	TCRBD01-01	01				TCRBJ02-05*01	TCRBJ02	TCRBJ02-05	01				7	5	2	5	1	2	42	52	57	62	63	1	In	VDJ							0.00001138
GAGTCCGCCAGCACCAACCAGACATCTATGTACCTCTGTGCCAGCAGTTTCGGTAGGGGGCGAGGGGGCGAGCAGTACTTCGGGCCG	CASSFGRGRGGEQYF	24	0.13898541	45	TCRBV28-01*01	TCRBV28	TCRBV28-01	01				TCRBD01-01*01	TCRBD01	TCRBD01-01	01				TCRBJ02-07*01	TCRBJ02	TCRBJ02-07	01				3	4	5	0	7	6	36	50	54	61	68	1	In	VDJ							0.00001138
TTGTTGCTGGGGGACTCGGCCCTGTATCTCTGTGCCAGCAGGATAAGGGATATGGGACTGAACACCGGGGAGCTGTTTTTTGGAGAA	CASRIRDMGLNTGELFF	24	0.13898541	51	TCRBV05-05*01	TCRBV05	TCRBV05-05	01				TCRBD02-01	TCRBD02	TCRBD02-01				01,02	TCRBJ02-02*01	TCRBJ02	TCRBJ02-02	01				5	12	0	10	0	1	30	41	53	-1	59	1	In	VDJ							0.00001138
AACCTGAGCTCTCTGGAGCTGGGGGACTCAGCTTTGTATTTCTGTGCCAGCAGCGTACGGGGGACCGGGGAGCTGTTTTTTGGAGAA	CASSVRGTGELFF	23	0.13319435	39	TCRBV09-01	TCRBV09	TCRBV09-01				01,02	TCRBD02-01*01	TCRBD02	TCRBD02-01	01				TCRBJ02-02*01	TCRBJ02	TCRBJ02-02	01				1	0	8	2	0	5	42	-1	57	-1	63	1	In	VDJ							0.00001091
ACGATCCAGCGCACAGAGCAGCGGGACTCGGCCATGTATCGCTGTGCCAGCAGCTCCACACTAGTATCCGAGCAGTACTTCGGGCCG	CASSSTLVSEQYF	23	0.13319435	39	TCRBV07-06*01	TCRBV07	TCRBV07-06	01				TCRBD02-01	TCRBD02	TCRBD02-01				01,02	TCRBJ02-07*01	TCRBJ02	TCRBJ02-07	01				4	4	3	8	4	6	42	55	59	64	68	1	In	VDJ							0.00001091
AGTCCACGGAGTCAGGGGACACAGCACTGTATTTCTGTGCCAGCAGATGGGTGGTAGCTAATTCGCACTGAAGCTTTCTTTGGACAA		23	0.13319435	46	TCRBV21-01*01	TCRBV21	TCRBV21-01	01				TCRBD02-01	TCRBD02	TCRBD02-01				01,02	TCRBJ01-01*01	TCRBJ01	TCRBJ01-01	01				6	8	5	7	7	4	35	46	54	58	65	1	Out	VDJ							0.00001091
CTTGGTGACTCTGCTGTGTATTTCTGTGCCAGCAGCCTAGTGCTTCCCATTTCATAACATCATAATTCCCCCCTCCACTTTGGGAAC	CASSLVLPIS*HHNSPLHF	23	0.13319435	57	TCRBV03	TCRBV03	unresolved			TCRBV03-01,TCRBV03-02		unresolved		unresolved		TCRBD01,TCRBD02	TCRBD01-01,TCRBD02-01		TCRBJ01-06*01	TCRBJ01	TCRBJ01-06	01				4	19	3	6	10	13	24	37	56	59	69	1	Stop	VDJ							0.00001091
GTGAGCACCTTGGAGCTGGGGGACTCGGCCCTTTATCTTTGCGCCAGCAGCTTGGCCGGGGGTTACACTGAAGCTTTCTTTGGACAA	CASSLAGGYTEAFF	23	0.13319435	42	TCRBV05-01*01	TCRBV05	TCRBV05-01	01				TCRBD02-01*01	TCRBD02	TCRBD02-01	01				TCRBJ01-01*01	TCRBJ01	TCRBJ01-01	01				0	1	8	2	2	3	39	55	56	62	64	1	In	VDJ							0.00001091
TTGAGGATCCAGCAGGTAGTGCGAGGAGATTCGGCAGCTTATTTCTGTGCCAGCTCGTATCCAGCCAGCGAGCAGTACTTCGGGCCG	CASSYPASEQYF	23	0.13319435	36	TCRBV18-01*01	TCRBV18	TCRBV18-01	01				unresolved		unresolved		TCRBD01,TCRBD02	TCRBD01-01,TCRBD02-01		TCRBJ02-07*01	TCRBJ02	TCRBJ02-07	01				6	5	4	5	4	6	45	56	61	64	68	1	In	VDJ							0.00001091
AGGGACTCAGCCGTGTATCTCTACAGTAGCAGCTCGGGTATTCTGGACTCTGGACAAAGTCGGGCCAACGTCCTGACTTTCGGGGCC	YSSSSGILDSGQSRANVLTF	21	0.12161223	60	TCRBV17-01*01	TCRBV17	TCRBV17-01	01				unresolved		unresolved		TCRBD01,TCRBD02	TCRBD01-01,TCRBD02-01		TCRBJ02-06*01	TCRBJ02	TCRBJ02-06	01				5	21	1	6	5	5	21	30	51	56	61	1	In	VDJ							0.00000996
GCCTTGGAGCTGGACGACTCGGCCCTGTATCTCTGTGCCAGCAGCCAAGGTGGGTCCCCTGGGGCCAACGTCCTGACTTTCGGGGCC	CASSQGGSPGANVLTF	21	0.12161223	48	TCRBV05-04*01	TCRBV05	TCRBV05-04	01				unresolved		unresolved		TCRBD01,TCRBD02	TCRBD01-01,TCRBD02-01		TCRBJ02-06*01	TCRBJ02	TCRBJ02-06	01				4	6	0	9	4	2	33	45	51	54	58	1	In	VDJ							0.00000996
CAGGTAGTGCGAGGAGATTCGGCAGCTTATTTCTGTGCCAGCTCATTGCAGGGGAGCTCCTATAATTCACCCCTCCACTTTGGGAAC	CASSLQGSSYNSPLHF	20	0.11582117	48	TCRBV18-01*01	TCRBV18	TCRBV18-01	01				TCRBD01-01*01	TCRBD01	TCRBD01-01	01				TCRBJ01-06*01	TCRBJ01	TCRBJ01-06	01				5	3	4	2	2	0	33	45	48	54	56	1	In	VDJ							0.00000948
CTGAAGATCCAGCGCACACAGCAGGAGGACTCCGCCGTGTATCTCTGTGCCAGCAGCTTAGTCGATTACGAGCAGTACTTCGGGCCG	CASSLVDYEQYF	20	0.11582117	36	TCRBV07-08*01	TCRBV07	TCRBV07-08	01				unresolved		unresolved		TCRBD01,TCRBD02	TCRBD01-01,TCRBD02-01		TCRBJ02-07*01	TCRBJ02	TCRBJ02-07	01				1	2	2	8	1	4	45	61	63	65	66	1	In	VDJ							0.00000948
AACACGGAGCTAGGGGACTCAGCCCTGTATCTCTGTGCCAGCAATTACTTGGGAGTACGAAAGACCTATGGCTACACCTTCGGTTCG	CASNYLGVRKTYGYTF	19	0.11003011	48	TCRBV05-02*01	TCRBV05	TCRBV05-02	01				TCRBD02-01*02	TCRBD02	TCRBD02-01	02				TCRBJ01-02*01	TCRBJ01	TCRBJ01-02	01				5	6	9	2	10	4	33	44	50	55	65	1	In	VDJ							0.00000901
AGACATCTGTGTACTTGTGTGCCAGCAGTTACCCTGGACACCGCCGGACAACCAGCCTCCTATAATTCCCCCCTCCACTTTGGGAAC		19	0.11003011	64	TCRBV06-08*01	TCRBV06	TCRBV06-08	01				TCRBD01-01*01	TCRBD01	TCRBD01-01	01				TCRBJ01-06*01	TCRBJ01	TCRBJ01-06	01				2	3	1	6	29	13	17	32	35	40	69	1	Out	VDJ							0.00000901
AGCAACATGAGCCCTGAAGACAGCAGCATATATCTCTGCAGCGTTGAAGAAGATAACAGGGCCTACAATGAGCAGTTCTTCGGGCCA	CSVEEDNRAYNEQFF	19	0.11003011	45	TCRBV29-01*01	TCRBV29	TCRBV29-01	01				TCRBD01-01*01	TCRBD01	TCRBD01-01	01				TCRBJ02-01*01	TCRBJ02	TCRBJ02-01	01				0	5	3	3	0	2	36	50	55	-1	61	1	In	VDJ							0.00000901
CAGCAAGAAGACTCAGCTGCGTATCTCTGCACCAGCAGTTGCGTGGGTTTGTGCACAAGTCGGGCCAACGTCCTGACTTTCGGGGCC	CTSSCVGLCTSRANVLTF	19	0.11003011	54	TCRBV01-01*01	TCRBV01	TCRBV01-01	01				unresolved		unresolved		TCRBD01,TCRBD02	TCRBD01-01,TCRBD02-01		TCRBJ02-06*01	TCRBJ02	TCRBJ02-06	01				6	6	0	9	14	5	27	38	44	47	61	1	In	VDJ							0.00000901
CCTGCAGCCAGAAGACTCGGCCCTGTATCTCTGTGCCAGCAGCTCATGAAACAAAGGTTGAAGACCTATGGCTACACCTTCGGTTCG		19	0.11003011	50	TCRBV04-02*01	TCRBV04	TCRBV04-02	01				unresolved		unresolved		TCRBD01,TCRBD02	TCRBD01-01,TCRBD02-01		TCRBJ01-02*01	TCRBJ01	TCRBJ01-02	01				5	19	2	7	0	4	31	43	62	-1	65	1	Out	VDJ							0.00000901
CTGACTGTGAGCAACATGAGCCCTGAAGACAGCAGCATATATCTCTGCAGCGTCGGTGACAGGGGGTACGAGCAGTACTTCGGGCCG	CSVGDRGYEQYF	19	0.11003011	36	TCRBV29-01*01	TCRBV29	TCRBV29-01	01				TCRBD01-01*01	TCRBD01	TCRBD01-01	01				TCRBJ02-07*01	TCRBJ02	TCRBJ02-07	01				6	4	2	1	0	4	45	53	57	-1	66	1	In	VDJ							0.00000901
GAGTCTGCTGCCTCCTCCCAGACATCTGTATATTTCTGCGCCAGCTCCAGTCACTCTAGCGGCCAAGAGACCCAGTACTTCGGGCCA	CASSSHSSGQETQYF	18	0.10423905	45	TCRBV10-01	TCRBV10	TCRBV10-01				01,02	TCRBD02-01	TCRBD02	TCRBD02-01				01,02	TCRBJ02-05*01	TCRBJ02	TCRBJ02-05	01				8	10	4	5	0	1	36	45	55	-1	62	1	In	VDJ							0.00000854
AGCTCTCTGGAGCTGGGGGACTCAGCTTTGTATTTCTGTGCCAGCAGCCCGTCGGGGCGGGGGGTTGATGAGCAGTTCTTCGGGCCA	CASSPSGRGVDEQFF	17	0.098448	45	TCRBV09-01	TCRBV09	TCRBV09-01				01,02	TCRBD02-01*01	TCRBD02	TCRBD02-01	01				TCRBJ02-01*01	TCRBJ02	TCRBJ02-01	01				4	8	7	1	3	8	36	48	56	64	67	1	In	VDJ							0.00000806
CACCTACACACCCTGCAGCCAGAAGACTCGGCCCTGTATCTCTGTGCCAGCAGCCAACGACCCACAGATACGCAGTATTTTGGCCCA	CASSQRPTDTQYF	16	0.09265694	39	TCRBV04-02*01	TCRBV04	TCRBV04-02	01				unresolved		unresolved		TCRBD01,TCRBD02	TCRBD01-01,TCRBD02-01		TCRBJ02-03*01	TCRBJ02	TCRBJ02-03	01				2	1	2	7	1	2	42	57	58	61	62	1	In	VDJ							0.00000759
CCTGCAGAGCTTGGGGACTCGGCCGTGTATCTCTGTGCCAGCAGCTTAGATCGTGGGACCGAGGCAGATACGCAGTATTTTGGCCCA	CASSLDRGTEADTQYF	16	0.09265694	48	TCRBV11-03*01	TCRBV11	TCRBV11-03	01				unresolved		unresolved		TCRBD01,TCRBD02	TCRBD01-01,TCRBD02-01		TCRBJ02-03*01	TCRBJ02	TCRBJ02-03	01				0	4	0	7	5	4	33	50	54	59	64	1	In	VDJ							0.00000759
GTCTACTAGCACCAGCCAGACCTCTGTACCTCTGTGGCAGTTATAGTAGTGATAGCCCGAAAGACCTATGGCTACACCTTCGGTTCG		15	0.08686588	47	TCRBV08-02*01	TCRBV08	TCRBV08-02	01				TCRBD02-01	TCRBD02	TCRBD02-01				01,02	TCRBJ01-02*01	TCRBJ01	TCRBJ01-02	01				25	29	5	7	9	4	34	23	52	56	65	1	Out	VDJ							0.00000711
ACGATCCAGCGCACACAGCAGGAGGACTCGGCCGTGTATCTCTGTGCCAGCAGCAAAGCCCTGGAGGAGACCCAGTACTTCGGGCCA	CASSKALEETQYF	14	0.08107482	39	TCRBV07-02*01	TCRBV07	TCRBV07-02	01				TCRBD02-01*02	TCRBD02	TCRBD02-01	02				TCRBJ02-05*01	TCRBJ02	TCRBJ02-05	01				5	8	10	2	0	5	42	54	62	-1	66	1	In	VDJ							0.00000664
ATCCAGCGCACAGAGCAGGGGGACTCAGCTGTGTATCTCTGTGCCGGCAGCTTTCGGACAGGGATTGAAAAACTGTTTTTTGGCAGT	CAGSFRTGIEKLFF	14	0.08107482	42	TCRBV07-04*01	TCRBV07	TCRBV07-04	01				TCRBD01-01*01	TCRBD01	TCRBD01-01	01				TCRBJ01-04*01	TCRBJ01	TCRBJ01-04	01				3	2	1	3	2	7	39	53	55	63	65	1	In	VDJ							0.00000664
GCTGCTCCCTCCCAGACATCTGTGTACTTCTGTGCCAGCAGTGAGCAAGAAAGTGGGAGAAAGACCTATGGCTACACCTTCGGTTCG	CASSEQESGRKTYGYTF	14	0.08107482	51	TCRBV06-01*01	TCRBV06	TCRBV06-01	01				TCRBD02-01*02	TCRBD02	TCRBD02-01	02				TCRBJ01-02*01	TCRBJ01	TCRBJ01-02	01				3	10	9	2	6	4	30	44	54	59	65	1	In	VDJ							0.00000664
TCCACTCTGACAGTGACCAGTGCCCATCCTGAAGACAGCAGCTTCTACATCTGCAGTGCGGGTAGGGAGACCCAGTACTTCGGGCCA	CSAGRETQYF	14	0.08107482	30	TCRBV20-01*01	TCRBV20	TCRBV20-01	01				unresolved		unresolved		TCRBD01,TCRBD02	TCRBD01-01,TCRBD02-01		TCRBJ02-05*01	TCRBJ02	TCRBJ02-05	01				6	0	0	9	4	5	51	-1	59	62	66	1	In	VDJ							0.00000664
TCGGCCCAAAAGAACCCGACAGCTTTCTATCTCTGTGCCAGTAGTATTAAACAGGGGGCTACGACGGATACGCAGTATTTTGGCCCA	CASSIKQGATTDTQYF	14	0.08107482	48	TCRBV19-01	TCRBV19	TCRBV19-01				01,02	TCRBD01-01*01	TCRBD01	TCRBD01-01	01				TCRBJ02-03*01	TCRBJ02	TCRBJ02-03	01				3	3	3	0	7	6	33	47	50	59	66	1	In	VDJ							0.00000664
AAGATCCAGCCTGCAAAGCTTGAGGACTCGGCCGTGTATCTCTGTGCCAGCAGCTTAGATCGGTTAGCTGAAGCTTTCTTTGGACAA	CASSLDRLAEAFF	13	0.07528376	39	TCRBV11-02*02	TCRBV11	TCRBV11-02	02				TCRBD02-01	TCRBD02	TCRBD02-01				01,02	TCRBJ01-01*01	TCRBJ01	TCRBJ01-01	01				0	5	5	8	0	6	42	59	64	-1	67	1	In	VDJ							0.00000617
ACAGTGACCAGTGCCCATCCTGAAGACAGCAGCTTCTACATCTGCAGTGCTAGATCAGGGGGGGACACTGAAGCTTTCTTTGGACAA	CSARSGGDTEAFF	13	0.07528376	39	TCRBV20	TCRBV20	unresolved			TCRBV20-01,TCRBV20-or09_02		unresolved		unresolved		TCRBD01,TCRBD02	TCRBD01-01,TCRBD02-01		TCRBJ01-01*01	TCRBJ01	TCRBJ01-01	01				2	1	4	1	2	3	42	54	55	62	64	1	In	VDJ							0.00000617
AGTGCCCATCCTGAAGACAGCAGCTTCTACATCTGCAGTGCTAGAAAAAGACTAGCGGGGAACACCGGGGAGCTGTTTTTTGGAGAA	CSARKRLAGNTGELFF	13	0.07528376	48	TCRBV20	TCRBV20	unresolved			TCRBV20-01,TCRBV20-or09_02		TCRBD02-01	TCRBD02	TCRBD02-01				01,02	TCRBJ02-02*01	TCRBJ02	TCRBJ02-02	01				2	4	2	4	0	1	33	45	49	-1	59	2	In	VDJ							0.00000617
CAGCGCACAGAGCAGGGGGACTCGGCCATGTATCTCTGTGCCAGCAGCTTAGGGCGTAGCGGGAAAGATACGCAGTATTTTGGCCCA	CASSLGRSGKDTQYF	13	0.07528376	45	TCRBV07-09	TCRBV07	TCRBV07-09				01,03	TCRBD02-01*02	TCRBD02	TCRBD02-01	02				TCRBJ02-03*01	TCRBJ02	TCRBJ02-03	01				1	4	5	3	1	5	36	52	56	64	65	1	In	VDJ							0.00000617
GCTCCTTCTCAGTGACTCTGGCTTCTATCTCTGTGCCTGAGTTTCCGACAGGGAGCTTATAGCAATCAGCCCCAGCATTTTGGTGAT		13	0.07528376	50	TCRBV30-01*01	TCRBV30	TCRBV30-01	01				TCRBD01-01*01	TCRBD01	TCRBD01-01	01				TCRBJ01-05*01	TCRBJ01	TCRBJ01-05	01				6	7	2	3	6	0	31	39	46	53	59	1	Out	VDJ							0.00000617
GGAGATCCAGTCCACGGAGTCAGGGGACACAGCACTGTATTTCTGTGCCAGCAGCAAAGTAGGCGTTCACCCCTCCACTTTGGGAAC		13	0.07528376	38	TCRBV21-01*01	TCRBV21	TCRBV21-01	01				unresolved		unresolved		TCRBD01,TCRBD02	TCRBD01-01,TCRBD02-01		TCRBJ01-06*01	TCRBJ01	TCRBJ01-06	01				1	1	5	4	2	9	43	59	60	63	65	1	Out	VDJ							0.00000617
GTGACCAGTGCCCATCCTGAAGACAGCAGCTTCTACATCTGCAGTGCTAGAGTGTGGACAGGGGACAATGAGCAGTTCTTCGGGCCA	CSARVWTGDNEQFF	13	0.07528376	42	TCRBV20	TCRBV20	unresolved			TCRBV20-01,TCRBV20-or09_02		TCRBD01-01*01	TCRBD01	TCRBD01-01	01				TCRBJ02-01*01	TCRBJ02	TCRBJ02-01	01				1	3	1	2	0	5	39	52	55	-1	64	1	In	VDJ							0.00000617
TAAATCTCCAGACAAAGTCTTTCTAAAGGAGGGACATTTGAAACCTTAAGGATGAGTAGGGGCAGGTGAAAGGGTGGTAATGGAGAG		13	0.07528376	8	TCRBV03-01*01	TCRBV03	TCRBV03-01	01				unresolved		unresolved		TCRBD01,TCRBD02	TCRBD01-01,TCRBD02-01		TCRBJ01-03*01	TCRBJ01	TCRBJ01-03	01				73	13	0	6	44	21	73	17	30	36	80	1	Out	VDJ							0.00000617
TCGCCCAGCCCCAACCAGACCTCTCTGTACTTCTGTGCCAGCAGTTTATTTTATTTTGATTATAATTCACCCCTCCACTTTGGGAAC	CASSLFYFDYNSPLHF	13	0.07528376	48	TCRBV27-01*01	TCRBV27	TCRBV27-01	01				unresolved		unresolved		TCRBD01,TCRBD02	TCRBD01-01,TCRBD02-01		TCRBJ01-06*01	TCRBJ01	TCRBJ01-06	01				1	8	2	8	1	4	33	49	57	59	60	1	In	VDJ							0.00000617
ACAGTGACCAGTGCCCATCCTGAAGACAGCAGCTTCTACATCTGCAGTGCTAGGGGCCGTGGTGGGGACGAGCAGTACTTCGGGCCG	CSARGRGGDEQYF	12	0.0694927	39	TCRBV20	TCRBV20	unresolved			TCRBV20-01,TCRBV20-or09_02		unresolved		unresolved		TCRBD01,TCRBD02	TCRBD01-01,TCRBD02-01		TCRBJ02-07*01	TCRBJ02	TCRBJ02-07	01				3	10	6	2	0	5	42	53	63	-1	67	1	In	VDJ							0.00000569
AGCTTGGTGACTCTGCTGTGTATTTCTGTGCCAGCAGCGGGGGTGCTCCCATTTATACATCATAATTCCCCCCTCCACTTTGGGAAC		12	0.0694927	55	TCRBV03	TCRBV03	unresolved			TCRBV03-01,TCRBV03-02		unresolved		unresolved		TCRBD01,TCRBD02	TCRBD01-01,TCRBD02-01		TCRBJ01-06*01	TCRBJ01	TCRBJ01-06	01				5	0	6	1	26	13	26	-1	38	43	69	1	Out	VDJ							0.00000569
ATCCAACCTGCAAAGCTTGAGGACTCGGCCGTGTATCTCTGTGCCAGCAGCTTCAGTCTTGGGGACGCTGAAGCTTTCTTTGGACAA	CASSFSLGDAEAFF	12	0.0694927	42	TCRBV11-02*02	TCRBV11	TCRBV11-02	02				unresolved		unresolved		TCRBD01,TCRBD02	TCRBD01-01,TCRBD02-01		TCRBJ01-01*01	TCRBJ01	TCRBJ01-01	01				3	8	0	7	1	6	39	53	61	66	67	1	In	VDJ							0.00000569
CAGCGCACAGAGCAGGGGGACTCGGCCATGTATCTCTGTGCCAGCAGCCGTTATCAGCGGGGGGACAATGAGCAGTTCTTCGGGCCA	CASSRYQRGDNEQFF	12	0.0694927	45	TCRBV07-09	TCRBV07	TCRBV07-09				01,03	TCRBD02-01*01	TCRBD02	TCRBD02-01	01				TCRBJ02-01*01	TCRBJ02	TCRBJ02-01	01				5	7	6	1	0	5	36	48	55	-1	64	1	In	VDJ							0.00000569
TCCTCAGAACCGGGAGACACGGCACTGTATCTCTGCGCCAGCAGTCAATCTACTAGCGGGGAAGAAGAGACCCAGTACTTCGGGCCA	CASSQSTSGEEETQYF	12	0.0694927	48	TCRBV23-01*01	TCRBV23	TCRBV23-01	01				TCRBD02-01*01	TCRBD02	TCRBD02-01	01				TCRBJ02-05*01	TCRBJ02	TCRBJ02-05	01				0	1	3	3	3	3	33	50	51	61	64	1	In	VDJ							0.00000569
CAGGTAGTGCGAGGAGATTCGGCAGCTTATTTCTGTGCCAGCTCATTACGGACACTCCTGGGCACAGATACGCAGTATTTTGGCCCA	CASSLRTLLGTDTQYF	10	0.05791059	48	TCRBV18-01*01	TCRBV18	TCRBV18-01	01				TCRBD01-01*01	TCRBD01	TCRBD01-01	01				TCRBJ02-03*01	TCRBJ02	TCRBJ02-03	01				5	4	1	6	7	1	33	45	49	54	61	1	In	VDJ							0.00000474
GAGCAAGGGCGACTCGGCTGTGTATCTCTGTGCCAGAACTTAAAACTAAGTAGACAAAGTCGGGCCAACGTCCTGACTTTCGGGGCC		10	0.05791059	53	TCRBV07-05*01	TCRBV07	TCRBV07-05	01				unresolved		unresolved		TCRBD01,TCRBD02	TCRBD01-01,TCRBD02-01		TCRBJ02-06*01	TCRBJ02	TCRBJ02-06	01				6	14	2	6	5	5	28	38	52	56	61	1	Out	VDJ							0.00000474
CAGCGCACAGAGCAGGGGGACTCGGCCATGTATCTCTGTGCCAGCAGCTTAGGGACAGGCGCTTATTCCCCCCTCCACTTTGGGAAC	CASSLGTGAYSPLHF	9	0.05211953	45	TCRBV07-09	TCRBV07	TCRBV07-09				01,03	TCRBD01-01*01	TCRBD01	TCRBD01-01	01				TCRBJ01-06*01	TCRBJ01	TCRBJ01-06	01				1	0	1	4	10	13	36	-1	52	59	69	1	In	VDJ							0.00000427
CCACAAAGCTGGAGGACTCAGCCATGTACTTCTGTGCCAGCAGTGATTCGGCGGGGGGCCGGCGGAGAGACCCAGTACTTCGGGCCA		9	0.05211953	49	TCRBV02-01*01	TCRBV02	TCRBV02-01	01				TCRBD02-01*01	TCRBD02	TCRBD02-01	01				TCRBJ02-05*01	TCRBJ02	TCRBJ02-05	01				3	4	7	1	7	4	32	46	50	58	65	1	Out	VDJ							0.00000427
CTGCAGCCAGAAGACTCAGCCCTGTATCTCTGCGCCAGCAGCCAAGTCGTCTGGGGGGTAGGCACAGATACGCAGTATTTTGGCCCA	CASSQVVWGVGTDTQYF	9	0.05211953	51	TCRBV04-01*01	TCRBV04	TCRBV04-01	01				TCRBD02-01*01	TCRBD02	TCRBD02-01	01				TCRBJ02-03*01	TCRBJ02	TCRBJ02-03	01				1	6	9	1	3	1	30	46	52	58	61	1	In	VDJ							0.00000427
ACAGTGACCAGTGCCCATCCTGAAGACAGCAGCTTCTACATCTGCAGTGCTGTCACTAGCCCTCGCTTATGGCAGTTCTTCGGGCCA	CSAVTSPRLWQFF	8	0.04632847	39	TCRBV20	TCRBV20	unresolved			TCRBV20-01,TCRBV20-or09_02		TCRBD02-01	TCRBD02	TCRBD02-01				01,02	TCRBJ02-01*01	TCRBJ02	TCRBJ02-01	01				5	3	3	7	11	12	42	51	54	60	71	1	In	VDJ							0.00000379
ACTGTGACATCGGCCCAAACGAACCCGACAGCTTTCTATCTCTGTGCCAGTAGTAGCCCCCCGGGGGGGGAGACGTACTTCGGGCCG	CASSSPPGGETYF	8	0.04632847	39	TCRBV19-01	TCRBV19	TCRBV19-01				01,02	TCRBD02-01*01	TCRBD02	TCRBD02-01	01				TCRBJ02-07*01	TCRBJ02	TCRBJ02-07	01				4	6	8	0	5	12	42	55	61	69	74	1	In	VDJ							0.00000379
CGCACAGAGCAGGGGGACTCGGCCATGTATCTCTGTGCCAGCAGCCGACGCGGGACAGGGGGCTTCTATGGCTACACCTTCGGTTCG	CASSRRGTGGFYGYTF	8	0.04632847	48	TCRBV07-09	TCRBV07	TCRBV07-09				01,03	TCRBD01-01*01	TCRBD01	TCRBD01-01	01				TCRBJ01-02*01	TCRBJ01	TCRBJ01-02	01				5	6	0	0	2	4	33	45	51	63	65	1	In	VDJ							0.00000379
TCCCTCCCAGACATCTGTGTACTTCTGTGCCAGCAGTTATAGGGGGACAGGGCGAGCTCCTATAATTCCCCCCTCCACTTTGGGAAC		8	0.04632847	56	TCRBV06	TCRBV06	unresolved			TCRBV06-05,TCRBV06-06		TCRBD01-01*01	TCRBD01	TCRBD01-01	01				TCRBJ01-06*01	TCRBJ01	TCRBJ01-06	01				3	4	0	3	17	13	25	39	43	52	69	1	Out	VDJ							0.00000379
ACAGTGACCAGTGCCCATCCTGAAGACAGCAGCTTCTACATCTGCAGTGCTAGAAGTCAGGGGGGAAAGACCCAGTACTTCGGGCCA	CSARSQGGKTQYF	7	0.04053741	39	TCRBV20	TCRBV20	unresolved			TCRBV20-01,TCRBV20-or09_02		TCRBD01-01*01	TCRBD01	TCRBD01-01	01				TCRBJ02-05*01	TCRBJ02	TCRBJ02-05	01				2	3	4	1	3	6	42	54	57	64	67	1	In	VDJ							0.00000332
ACAGTGACCAGTGCCCATCCTGAAGACAGCAGCTTCTACATCTGCAGTGCTAGAGGCGGAGATAATGAAAAACTGTTTTTTGGCAGT	CSARGGDNEKLFF	7	0.04053741	39	TCRBV20	TCRBV20	unresolved			TCRBV20-01,TCRBV20-or09_02		TCRBD02-01	TCRBD02	TCRBD02-01				01,02	TCRBJ01-04*01	TCRBJ01	TCRBJ01-04	01				1	0	7	5	3	4	42	-1	55	59	62	1	In	VDJ							0.00000332
ACTCTCAAGATCCAACCTGCAAAGCTTGAGGACTCGGCCGTGTATCTCTGTGCCAGCAGCTCCTCTAGGCTCCTCCACTTTGGGAAC	CASSSSRLLHF	7	0.04053741	33	TCRBV11-02*02	TCRBV11	TCRBV11-02	02				TCRBD02-01	TCRBD02	TCRBD02-01				01,02	TCRBJ01-06*01	TCRBJ01	TCRBJ01-06	01				4	3	4	8	3	15	48	61	64	68	71	1	In	VDJ							0.00000332
ACTGGAGGATTCTGGAGTTTATTTCTGTGCCAGCAGCCCCAAACCGCAATCTGACAAAGTCGGGCCAACGTCCTGACTTTCGGGGCC		7	0.04053741	56	TCRBV14-01*01	TCRBV14	TCRBV14-01	01				TCRBD01-01*01	TCRBD01	TCRBD01-01	01				TCRBJ02-06*01	TCRBJ02	TCRBJ02-06	01				4	14	2	6	5	5	25	38	52	56	61	1	Out	VDJ							0.00000332
AGCTTGGGGACTCGGCCATGTATCTCTGTGCCAGCAGCAAGACTTTTAGGCTGACAAAGTCGGGCCAACGTCCTGACTTTCGGGGCC		7	0.04053741	55	TCRBV11-01*01	TCRBV11	TCRBV11-01	01				unresolved		unresolved		TCRBD01,TCRBD02	TCRBD01-01,TCRBD02-01		TCRBJ02-06*01	TCRBJ02	TCRBJ02-06	01				5	14	2	6	5	5	26	38	52	56	61	1	Out	VDJ							0.00000332
ATCCAACCTGCAAAGCTTGAGGACTCGGCCGTGTATCTCTGTGCCAGCAGCTTAGGGCAGACACAAGAGACCCAGTACTTCGGGCCA	CASSLGQTQETQYF	7	0.04053741	42	TCRBV11-02*02	TCRBV11	TCRBV11-02	02				TCRBD01-01*01	TCRBD01	TCRBD01-01	01				TCRBJ02-05*01	TCRBJ02	TCRBJ02-05	01				1	4	2	6	0	2	39	55	59	-1	63	1	In	VDJ							0.00000332
CGCACAGAGCAGGGGGACTCGGCCATGTATCTCTGTGCCAGCAGCCGCGGCGGGGTCCGAAATAGGGAGACCCAGTACTTCGGGCCA	CASSRGGVRNRETQYF	7	0.04053741	48	TCRBV07-09	TCRBV07	TCRBV07-09				01,03	TCRBD02-01*01	TCRBD02	TCRBD02-01	01				TCRBJ02-05*01	TCRBJ02	TCRBJ02-05	01				5	4	7	3	11	5	33	45	49	55	66	1	In	VDJ							0.00000332
CTGAAGATCCAGCCCTCAGAACCCAGGGACTCAGCTGTGTACTTCTGTGCCAGCAGTTTAGGGGGGGCTGAAGCTTTCTTTGGACAA	CASSLGGAEAFF	7	0.04053741	36	TCRBV12	TCRBV12	unresolved			TCRBV12-03,TCRBV12-04		TCRBD02-01*01	TCRBD02	TCRBD02-01	01				TCRBJ01-01*01	TCRBJ01	TCRBJ01-01	01				1	0	9	1	0	6	45	-1	61	-1	67	1	In	VDJ							0.00000332
ACCAGTGCCCATCCTGAAGACAGCAGCTTCTACATCTGCAGTGCTAGGGCCCCTTATAGGTCATCGGATGAGCAGTTCTTCGGGCCA	CSARAPYRSSDEQFF	6	0.03474635	45	TCRBV20	TCRBV20	unresolved			TCRBV20-01,TCRBV20-or09_02		unresolved		unresolved		TCRBD01,TCRBD02	TCRBD01-01,TCRBD02-01		TCRBJ02-01*01	TCRBJ02	TCRBJ02-01	01				3	10	5	4	7	8	36	47	57	60	67	1	In	VDJ							0.00000285
CTGCTGTCGGCTGCTCCCTCCCAGACATCTGTGTACTTCTGTGCCAGCAGTTACGGGGGGGAGGGGACTGAAGCTTTCTTTGGACAA	CASSYGGEGTEAFF	6	0.03474635	42	TCRBV06-05*01	TCRBV06	TCRBV06-05	01				TCRBD02-01	TCRBD02	TCRBD02-01				01,02	TCRBJ01-01*01	TCRBJ01	TCRBJ01-01	01				2	0	9	0	5	5	39	-1	54	61	66	1	In	VDJ							0.00000285
CTGGAGTCGCCCAGCCCCAACCAGACCTCTCTGTACTTCTGTGCCAGCAGTTTATCAGGGGGATCAGGTGAGCAGTTCTTCGGGCCA	CASSLSGGSGEQFF	6	0.03474635	42	TCRBV27-01*01	TCRBV27	TCRBV27-01	01				TCRBD01-01*01	TCRBD01	TCRBD01-01	01				TCRBJ02-01*01	TCRBJ02	TCRBJ02-01	01				0	0	5	1	6	9	39	-1	56	62	68	1	In	VDJ							0.00000285
GAGTCTGCCATCCCCAACCAGACAGCTCTTTACTTCTGTGCCACCAGTGGGGGGGCCCCACCCTACAATGAGCAGTTCTTCGGGCCA	CATSGGAPPYNEQFF	6	0.03474635	45	TCRBV24	TCRBV24	unresolved			TCRBV24-01,TCRBV24-or09_02		unresolved		unresolved		TCRBD01,TCRBD02	TCRBD01-01,TCRBD02-01		TCRBJ02-01*01	TCRBJ02	TCRBJ02-01	01				5	1	6	0	5	2	36	49	50	56	61	1	In	VDJ							0.00000285
GGGACTCAGCCGCGTATCTCCGTGCCAGCAGCTTAAGCAAGAGGTGGACTAGCGGGGGGGCCGAAAGATACGCAGTATTTTGGCCCA		5	0.02895529	61	TCRBV07-03*03	TCRBV07	TCRBV07-03	03				TCRBD02-01*01	TCRBD02	TCRBD02-01	01				TCRBJ02-03*01	TCRBJ02	TCRBJ02-03	01				1	9	1	0	5	5	20	36	45	60	65	1	Out	VDJ							0.00000237
TCTGCCAGGCCCTCACATACCTCTCAGTACCTCTGTGCCAGCAGTGAAGATTGTTAGGCGCATAAAGAGACCCAGTACTTCGGGCCA	CASSEDC*AHKETQYF	5	0.02895529	48	TCRBV25-01*01	TCRBV25	TCRBV25-01	01				unresolved		unresolved		TCRBD01,TCRBD02	TCRBD01-01,TCRBD02-01		TCRBJ02-05*01	TCRBJ02	TCRBJ02-05	01				2	7	5	4	6	3	33	48	55	58	64	1	Stop	VDJ							0.00000237
CTGGTGTCGGCTGCTCCCTCCCAGACATCTGTGTACTTGTGTGCCAGCAGTGAAGGGGAGAGCACAGATACGCAGTATTTTGGCCCA	CASSEGESTDTQYF	4	0.02316423	42	TCRBV06-08*01	TCRBV06	TCRBV06-08	01				unresolved		unresolved		TCRBD01,TCRBD02	TCRBD01-01,TCRBD02-01		TCRBJ02-03*01	TCRBJ02	TCRBJ02-03	01				5	2	5	2	2	0	39	51	53	58	60	2	In	VDJ							0.0000019
GTGACATCGGCCCAAAAGAACCCGACAGCTTTCTATCTCTGTGCCAGCAGTAGGGGTAGTTTTTCCTACGAGCAGTACTTCGGGCCA	CASSRGSFSYEQYF	4	0.02316423	42	TCRBV19-01	TCRBV19	TCRBV19-01				01,02	unresolved		unresolved		TCRBD01,TCRBD02	TCRBD01-01,TCRBD02-01		TCRBJ02-05*01	TCRBJ02	TCRBJ02-05	01				4	0	6	2	16	11	39	-1	52	56	72	1	In	VDJ							0.0000019
TTGGAGTCGGCTGCTCCCTCCCAAACATCTGTGTACTTCTGTGCCAGCAGTGAAGGGGAGAGCACAGATACGCAGTATTTTGGCCCA	CASSEGESTDTQYF	4	0.02316423	42	TCRBV06	TCRBV06	unresolved			TCRBV06-01,TCRBV06-02,TCRBV06-03		TCRBD02-01*02	TCRBD02	TCRBD02-01	02				TCRBJ02-03*01	TCRBJ02	TCRBJ02-03	01				1	0	9	2	0	0	39	-1	55	-1	60	2	In	VDJ							0.0000019
AGTGCCCATCCTGAAGACAGCAGCTTCTACATCTGCAGTGCTAGCCTCGGAGGGTGGAGTCCCACAGATACGCAGTATTTTGGCCCA	CSASLGGWSPTDTQYF	3	0.01737318	48	TCRBV20	TCRBV20	unresolved			TCRBV20-01,TCRBV20-or09_02		TCRBD02-01*02	TCRBD02	TCRBD02-01	02				TCRBJ02-03*01	TCRBJ02	TCRBJ02-03	01				3	4	10	0	8	2	33	44	48	54	62	1	In	VDJ							0.00000142
CAGGTAGTGCGAGGAGATTCGGCAGCTTATTTCTGTGCCAGCTCATTGCAGGGGAGCTCCTATAATTCCCCCCTCCACTTTGGGAAC	CASSLQGSSYNSPLHF	3	0.01737318	48	TCRBV18-01*01	TCRBV18	TCRBV18-01	01				TCRBD01-01*01	TCRBD01	TCRBD01-01	01				TCRBJ01-06*01	TCRBJ01	TCRBJ01-06	01				5	3	4	2	15	13	33	45	48	54	69	1	In	VDJ							0.00000142
GAACCCAGGGACTCAGCTGTGTATTTTTGTGCTAGTGGTACCAGAAGTGCAGGACAAAGTCGGGCCAACGTCCTGACTTTCGGGGCC	CASGTRSAGQSRANVLTF	3	0.01737318	54	TCRBV12-05*01	TCRBV12	TCRBV12-05	01				TCRBD01-01*01	TCRBD01	TCRBD01-01	01				TCRBJ02-06*01	TCRBJ02	TCRBJ02-06	01				5	12	1	6	5	5	27	39	51	56	61	1	In	VDJ							0.00000142
GCAGCCAGAAGACTCAGCCCTGTATCTCTGCGCCAGCAGCCAAGACCCCGGGACTAGCGGGGGGGGGATACGCAGTATTTTGGCCCA		3	0.01737318	53	TCRBV04-01*01	TCRBV04	TCRBV04-01	01				TCRBD02-01*01	TCRBD02	TCRBD02-01	01				TCRBJ02-03*01	TCRBJ02	TCRBJ02-03	01				0	4	0	0	1	6	28	45	49	65	66	1	Out	VDJ							0.00000142
TGACAGTGACCAGTGCCCATCCTGAAGACAGCAGCTTCTACATCTGCAGTGCTGGACTCTGGGGCCAACGTCCTGACTTTCGGGGCC		3	0.01737318	37	TCRBV20	TCRBV20	unresolved			TCRBV20-01,TCRBV20-or09_02		unresolved		unresolved		TCRBD01,TCRBD02	TCRBD01-01,TCRBD02-01		TCRBJ02-06*01	TCRBJ02	TCRBJ02-06	01				5	0	1	8	0	0	44	-1	53	-1	56	1	Out	VDJ							0.00000142
ACCGGGAGACACGGCACTGTATCTCTGCGCCAGCAGTCGTATACCGCTACGCGGCAAAGTCGGGCCAACGTCCTGACTTTCGGGGCC		2	0.01158212	56	TCRBV23-01*01	TCRBV23	TCRBV23-01	01				TCRBD02-01	TCRBD02	TCRBD02-01				01,02	TCRBJ02-06*01	TCRBJ02	TCRBJ02-06	01				4	12	7	5	7	5	25	38	50	54	61	1	Out	VDJ							0.00000095
AGTGCCCATCCTGAAGACAGCAGCTTCTACATCTGCAGTGCTACCCCGCAGGTTAGCGGGAGACAAGAGACCCAGTACTTCGGGCCA	CSATPQVSGRQETQYF	2	0.01158212	48	TCRBV20	TCRBV20	unresolved			TCRBV20-01,TCRBV20-or09_02		TCRBD02-01*02	TCRBD02	TCRBD02-01	02				TCRBJ02-05*01	TCRBJ02	TCRBJ02-05	01				4	10	5	2	1	2	33	43	53	62	63	1	In	VDJ							0.00000095
ATGAGCCCTGAAGACAGCAGCATATATCTCTGCAGCGTTGACATTTGACTAGCACAAAGTCGGGCCAACGTCCTGACTTTCGGGGCC	CSVDI*LAQSRANVLTF	2	0.01158212	51	TCRBV29-01*01	TCRBV29	TCRBV29-01	01				TCRBD02-01	TCRBD02	TCRBD02-01				01,02	TCRBJ02-06*01	TCRBJ02	TCRBJ02-06	01				3	5	2	7	8	5	30	41	46	53	61	1	Stop	VDJ							0.00000095
CAGTGACCAGTGCCCATCCTGAAGACAGCAGCTTCTACATCTGCAGTGCTACGACGGAGCGGGGGTTACGAGCAGTACTTCGGGCCG		2	0.01158212	40	TCRBV20	TCRBV20	unresolved			TCRBV20-01,TCRBV20-or09_02		TCRBD02-01*01	TCRBD02	TCRBD02-01	01				TCRBJ02-07*01	TCRBJ02	TCRBJ02-07	01				4	6	6	2	1	4	41	51	57	65	66	1	Out	VDJ							0.00000095
CCAGTGCCCATCCTGAAGACAGCAGCTTCTACATCTGCAGTGCTAGAGATGGGACAGGCAGAATCCTATGGCTACACCTTCGGTTCG		2	0.01158212	46	TCRBV20	TCRBV20	unresolved			TCRBV20-01,TCRBV20-or09_02		TCRBD01-01*01	TCRBD01	TCRBD01-01	01				TCRBJ01-02*01	TCRBJ01	TCRBJ01-02	01				0	1	0	4	7	4	35	49	50	58	65	1	Out	VDJ							0.00000095
CTGCAAAGCTTGAGGACTCGGCCGTGTATCTCTGTGCCAGCAGCTTCTCAAGGGTAGCTGGGGCCAACGTCCTGACTTTCGGGGCCG		2	0.01158212	49	TCRBV11-02*02	TCRBV11	TCRBV11-02	02				TCRBD01-01*01	TCRBD01	TCRBD01-01	01				TCRBJ02-07*01	TCRBJ02	TCRBJ02-07	01				3	13	7	0	17	19	32	46	59	64	81	1	Out	VDJ							0.00000095
GGCTGCTCCCTCCCAGACATCTGTGTACTTCTGTGCCAGCAGTGTGCAACGAGGTGGAGAAAGACCTATGGCTACACCTTCGGTTCG		2	0.01158212	50	TCRBV06-01*01	TCRBV06	TCRBV06-01	01				TCRBD02-01*02	TCRBD02	TCRBD02-01	02				TCRBJ01-02*01	TCRBJ01	TCRBJ01-02	01				4	11	10	2	6	4	31	44	55	59	65	1	Out	VDJ							0.00000095
GTGACCAGTGCCCATCCTGAAGACAGCAGCTTCTACATCTGCAGTGCCCCACCTCGGGTGTTTGGAAATGAGCAGTTCTTCGGGCCA	CSAPPRVFGNEQFF	2	0.01158212	42	TCRBV20	TCRBV20	unresolved			TCRBV20-01,TCRBV20-or09_02		TCRBD02-01	TCRBD02	TCRBD02-01				01,02	TCRBJ02-01*01	TCRBJ02	TCRBJ02-01	01				6	7	8	4	8	7	39	47	54	58	66	1	In	VDJ							0.00000095
GTGACCAGTGCCCATCCTGAAGACAGCAGCTTCTACATCTGCAGTGCTTCGGGGACAGGGGGAACCTACGAGCAGTACTTCGGGCCG	CSASGTGGTYEQYF	2	0.01158212	42	TCRBV20	TCRBV20	unresolved			TCRBV20-01,TCRBV20-or09_02		TCRBD01-01*01	TCRBD01	TCRBD01-01	01				TCRBJ02-07*01	TCRBJ02	TCRBJ02-07	01				5	3	0	1	2	2	39	48	51	62	64	1	In	VDJ							0.00000095
TCCTGAAGACAGCAGCTTCTACATCTGCAGTGCTAGAGATACTAGCGGGGGGGTAGAGATAAACCCTACGAGCAGTACTTCGGGCCG		2	0.01158212	56	TCRBV20	TCRBV20	unresolved			TCRBV20-01,TCRBV20-or09_02		TCRBD02-01*01	TCRBD02	TCRBD02-01	01				TCRBJ02-07*01	TCRBJ02	TCRBJ02-07	01				0	1	3	0	11	2	25	39	40	53	64	1	Out	VDJ							0.00000095
